participant.id_in_session,participant.code,participant.label,participant._is_bot,participant._index_in_pages,participant._max_page_index,participant._current_app_name,participant._current_page_name,participant.ip_address,participant.time_started,participant.visited,participant.mturk_worker_id,participant.mturk_assignment_id,participant.payoff,participant.payoff_plus_participation_fee,session.code,session.label,session.experimenter_name,session.mturk_HITId,session.mturk_HITGroupId,session.comment,session.is_demo,session.config.real_world_currency_per_point,session.config.participation_fee,Demographic.1.player.id_in_group,Demographic.1.player.age,Demographic.1.player.gender,Demographic.1.player.nationality,Demographic.1.player.residency,Demographic.1.player.ethnicity,Demographic.1.player.education,Demographic.1.player.payoff,Demographic.1.group.id_in_subsession,Demographic.1.subsession.round_number,matrix_new.1.player.id_in_group,matrix_new.1.player.answer_q01,matrix_new.1.player.answer_q02,matrix_new.1.player.start_time0,matrix_new.1.player.elapsed_time0,matrix_new.1.player.count0,matrix_new.1.player.is_correct0,matrix_new.1.player.score,matrix_new.1.player.test_matrix1,matrix_new.1.player.test_matrix2,matrix_new.1.player.answer_q11,matrix_new.1.player.answer_q12,matrix_new.1.player.start_time1,matrix_new.1.player.elapsed_time1,matrix_new.1.player.is_correct1,matrix_new.1.player.count1,matrix_new.1.player.score1,matrix_new.1.player.answer_q21,matrix_new.1.player.answer_q22,matrix_new.1.player.start_time2,matrix_new.1.player.elapsed_time2,matrix_new.1.player.is_correct2,matrix_new.1.player.count2,matrix_new.1.player.score2,matrix_new.1.player.answer_q31,matrix_new.1.player.answer_q32,matrix_new.1.player.start_time3,matrix_new.1.player.elapsed_time3,matrix_new.1.player.is_correct3,matrix_new.1.player.count3,matrix_new.1.player.score3,matrix_new.1.player.answer_q41,matrix_new.1.player.answer_q42,matrix_new.1.player.start_time4,matrix_new.1.player.elapsed_time4,matrix_new.1.player.is_correct4,matrix_new.1.player.count4,matrix_new.1.player.score4,matrix_new.1.player.answer_q51,matrix_new.1.player.answer_q52,matrix_new.1.player.start_time5,matrix_new.1.player.elapsed_time5,matrix_new.1.player.is_correct5,matrix_new.1.player.count5,matrix_new.1.player.score5,matrix_new.1.player.answer_q61,matrix_new.1.player.answer_q62,matrix_new.1.player.start_time6,matrix_new.1.player.elapsed_time6,matrix_new.1.player.is_correct6,matrix_new.1.player.count6,matrix_new.1.player.score6,matrix_new.1.player.answer_q71,matrix_new.1.player.answer_q72,matrix_new.1.player.start_time7,matrix_new.1.player.elapsed_time7,matrix_new.1.player.is_correct7,matrix_new.1.player.count7,matrix_new.1.player.score7,matrix_new.1.player.answer_q81,matrix_new.1.player.answer_q82,matrix_new.1.player.start_time8,matrix_new.1.player.elapsed_time8,matrix_new.1.player.is_correct8,matrix_new.1.player.count8,matrix_new.1.player.score8,matrix_new.1.player.answer_q91,matrix_new.1.player.answer_q92,matrix_new.1.player.start_time9,matrix_new.1.player.elapsed_time9,matrix_new.1.player.is_correct9,matrix_new.1.player.count9,matrix_new.1.player.score9,matrix_new.1.player.answer_q101,matrix_new.1.player.answer_q102,matrix_new.1.player.start_time10,matrix_new.1.player.elapsed_time10,matrix_new.1.player.is_correct10,matrix_new.1.player.count10,matrix_new.1.player.score10,matrix_new.1.player.matrix_payoff0,matrix_new.1.player.matrix_payoff,matrix_new.1.player.avg_score,matrix_new.1.player.payoff,matrix_new.1.group.id_in_subsession,matrix_new.1.subsession.round_number,discrete.1.player.id_in_group,discrete.1.player.test_intro1,discrete.1.player.test_intro2,discrete.1.player.test_belief1,discrete.1.player.test_belief2,discrete.1.player.time9,discrete.1.player.choice1,discrete.1.player.rand_choice,discrete.1.player.predalg,discrete.1.player.predhum,discrete.1.player.beliefalgorithm,discrete.1.player.beliefhuman,discrete.1.player.gender2,discrete.1.player.ethnicity2,discrete.1.player.age2,discrete.1.player.education2,discrete.1.player.payoff_belief_a,discrete.1.player.payoff_choice_a,discrete.1.player.payoff_belief_h,discrete.1.player.payoff_choice_h,discrete.1.player.payoff_belief,discrete.1.player.payoff_choice,discrete.1.player.accuracyalgorithm,discrete.1.player.accuracyhuman,discrete.1.player.treatment,discrete.1.player.test,discrete.1.player.test2,discrete.1.player.random_draw,discrete.1.player.payoff,discrete.1.group.id_in_subsession,discrete.1.subsession.round_number,openquestion.1.player.id_in_group,openquestion.1.player.test_intro,openquestion.1.player.choice1,openquestion.1.player.beliefa,openquestion.1.player.beliefh,openquestion.1.player.explanation,openquestion.1.player.explanation2,openquestion.1.player.fair,openquestion.1.player.transparent,openquestion.1.player.simpler,openquestion.1.player.familiar,openquestion.1.player.characteristics,openquestion.1.player.previous_performance,openquestion.1.player.discriminate,openquestion.1.player.quickly,openquestion.1.player.error,openquestion.1.player.other,openquestion.1.player.x1,openquestion.1.player.x2,openquestion.1.player.x3,openquestion.1.player.x4,openquestion.1.player.x5,openquestion.1.player.payoff,openquestion.1.group.id_in_subsession,openquestion.1.subsession.round_number,scl.1.player.id_in_group,scl.1.player.lottery_choice,scl.1.player.outcome_to_pay,scl.1.player.outcome_lo,scl.1.player.outcome_hi,scl.1.player.payoff,scl.1.group.id_in_subsession,scl.1.subsession.round_number,BFI_S.1.player.id_in_group,BFI_S.1.player.Worry,BFI_S.1.player.Nervous,BFI_S.1.player.Relax,BFI_S.1.player.Talkative,BFI_S.1.player.Sociable,BFI_S.1.player.Reserved,BFI_S.1.player.Original,BFI_S.1.player.Artistic,BFI_S.1.player.Active_imagination,BFI_S.1.player.Rude,BFI_S.1.player.Forgiving,BFI_S.1.player.Considerate,BFI_S.1.player.Thorough_job,BFI_S.1.player.Lazy,BFI_S.1.player.Efficient,BFI_S.1.player.Neuroticism,BFI_S.1.player.Extraversion,BFI_S.1.player.Openness,BFI_S.1.player.Agreeableness,BFI_S.1.player.Conscientiousness,BFI_S.1.player.payoff,BFI_S.1.group.id_in_subsession,BFI_S.1.subsession.round_number,final_payoff.1.player.id_in_group,final_payoff.1.player.matrix_payoff,final_payoff.1.player.mpl_payoff,final_payoff.1.player.belief_payoff,final_payoff.1.player.belief_choice,final_payoff.1.player.payoff,final_payoff.1.group.id_in_subsession,final_payoff.1.subsession.round_number,payment_info.1.player.id_in_group,payment_info.1.player.payoff_backup,payment_info.1.player.payoff,payment_info.1.group.id_in_subsession,payment_info.1.subsession.round_number
1,87cvezqy,,0,34,33,payment_info,PaymentInfo,10.16.248.167,2019-07-06 15:14:56.834304+00:00,1,A3C0NQ2IP5FTZQ,3DY4FPOOA1OWYIDWKJQJVA3HHQZRVN,4.96,5.06,h3mbmhfj,,,3WRAAIUSBJZTH6ZGSK0DZLF2SPVXAS,3BG0QG8YO7YBJ48Q0U0RHRBEJCTCSH,,0,1,0.1,1,5,1,US,US,White,5,0,1,1,1,79,21,1562427669,9.98,1,0,,,,63,37,1562427697,8.38,0,1,,85,15,1562427705,8.87,0,1,,16,84,1562427714,9.95,0,1,,3,97,1562427724,4.73,0,1,,87,13,1562427729,3.67,0,1,,77,23,1562427732,8.78,0,1,,4,96,1562427741,3.75,0,1,,74,26,1562427745,8.45,0,1,,43,57,1562427753,5.22,0,1,,20,80,1562427759,4.42,0,1,,1.33,,83.3,1.41,1,1,1,1,1,0,1,5.22,1,0,11.37,10.11,6,5,1,1,5,5,0.71,1.31,0.74,1.31,,,85,85,baseline,18,1,0,2.05,1,1,1,,1,6,5,I used my intuition in this situation.,I thought that the human recruiter would under estimate and the algorithm would over estimate.,2,4,5,2,2,2,1,4,3,4,,,,,,0,1,1,1,5,high,0,1.5,1.5,1,1,1,2,1,4,4,4,3,5,5,5,2,4,4,4,1,4,,,,,,0,1,1,1,,,,,0,1,1,1,,0,1,1
2,aohd0dhx,,0,5,33,matrix_new,training2,10.63.155.70,2019-07-06 15:15:00.815891+00:00,1,A2MEEFICK8H74C,3Z7EFSHGN9EKW5T82116U01GX04XCQ,0,0.1,h3mbmhfj,,,3WRAAIUSBJZTH6ZGSK0DZLF2SPVXAS,3BG0QG8YO7YBJ48Q0U0RHRBEJCTCSH,,0,1,0.1,2,8,0,US,US,White,2,0,1,1,2,0,0,1562426171,100.38,1,1,,,,,,1562426171,,,1,,,,,,,,,,,,,,,,,,,,,,,,,,,,,,,,,,,,,,,,,,,,,,,,,,,,,,,,,,,,,,,,,0,,,0,1,1,2,,,,,,,,,,,,,,,,,,,,,,,,transp,,,,0,1,1,2,,,,,,,,,,,,,,,,,,,,,,0,1,1,2,,,,,0,1,1,2,,,,,,,,,,,,,,,,,,,,,0,1,1,2,,,,,0,1,1,2,,0,1,1
3,1doqpb7j,,0,34,33,payment_info,PaymentInfo,10.41.239.73,2019-07-06 15:15:07.612246+00:00,1,A9R0MKYRHWFVO,39N5ACM9HENDPYKE4QHYYXE5PGSP9D,3.76,3.86,h3mbmhfj,,,3WRAAIUSBJZTH6ZGSK0DZLF2SPVXAS,3BG0QG8YO7YBJ48Q0U0RHRBEJCTCSH,,0,1,0.1,3,7,0,US,US,White,3,0,1,1,3,79,21,1562426188,25.32,1,0,,,,63,37,1562426226,13.41,0,1,,85,15,1562426240,8.45,0,1,,84,16,1562426248,6.81,0,1,,97,3,1562426255,6.12,0,1,,87,13,1562426261,5.68,0,1,,77,23,1562426267,11.8,0,1,,96,4,1562426279,11.05,0,1,,26,74,1562426290,8.98,0,1,,57,43,1562426299,10.77,0,1,,80,20,1562426309,8.96,0,1,,1.08,,80.8,1.32,1,1,3,1,1,0,1,10.77,1,0,18.49,10.5,11,10,0,1,7,3,0.44,1.19,1,1.19,,,100,100,baseline,56,7,0,2.19,1,1,3,,1,11,10,"When it was stated that my age, gender, and race were taken into account, I thought that perhaps a human recruiter might be subject to bias.","I assumed the value would be rounded. And by that, assumed the algorithmic evaluator would do the correct rounding up, while a human evaluator might give the benefit of the doubt and round down.",4,4,4,2,1,4,2,4,2,2,,,,,,0,1,1,3,3,low,0.25,1,0.25,1,1,3,2,2,4,2,3,4,4,4,4,2,4,4,4,2,4,,,,,,0,1,1,3,,,,,0,1,1,3,,0,1,1
4,46ala2zr,,0,34,33,payment_info,PaymentInfo,10.47.223.15,2019-07-06 15:15:11.974915+00:00,1,A1S315FYTGY9GL,3NJM2BJS4W6FNWRHGARP0NFDV1VPCU,3.57,3.67,h3mbmhfj,,,3WRAAIUSBJZTH6ZGSK0DZLF2SPVXAS,3BG0QG8YO7YBJ48Q0U0RHRBEJCTCSH,,0,1,0.1,4,4,1,US,US,White,7,0,1,1,4,79,21,1562426204,42.41,1,0,,,,37,63,1562426256,22.54,0,2,,85,15,1562426279,36.15,0,1,,84,16,1562426315,22.37,0,1,,97,3,1562426337,7.75,0,1,,87,13,1562426345,15.03,0,1,,77,23,1562426360,20.34,0,1,,4,96,1562426380,15.2,0,1,,74,26,1562426396,12.98,0,1,,57,43,1562426409,22.31,0,1,,80,20,1562426431,9.54,0,1,,0.79,,71.6,1.13,1,1,4,1,1,0,1,22.31,0,0,21.09,20,25,23,1,1,4,7,0.85,1.15,0.91,1.15,,,40,90,transp,2,7,0,2.06,1,1,4,,0,25,23,I think that the human recruiter would think more like me than the algorithm.,I thought that the algorithm would think I'm a little bit slower than the human.,5,5,5,2,1,1,2,5,1,1,,,,,,0,1,1,4,2,low,0.38,0.75,0.38,1,1,4,2,2,5,2,2,4,3,3,5,1,4,4,4,4,4,,,,,,0,1,1,4,,,,,0,1,1,4,,0,1,1
5,ts5ubb6p,,0,1,33,Demographic,Introduction,10.166.243.60,2019-07-06 15:15:12.614132+00:00,1,ARG392N6HWZCJ,3634BBTX0OUU9MONUHR6ZWZ460SFIJ,0,0.1,h3mbmhfj,,,3WRAAIUSBJZTH6ZGSK0DZLF2SPVXAS,3BG0QG8YO7YBJ48Q0U0RHRBEJCTCSH,,0,1,0.1,5,,,,,,,0,1,1,5,,,,,,,,,,,,,,,,,,,,,,,,,,,,,,,,,,,,,,,,,,,,,,,,,,,,,,,,,,,,,,,,,,,,,,,,,,,,,,,,,,,0,1,1,5,,,,,,,,,,,,,,,,,,,,,,,,baseline,,,,0,1,1,5,,,,,,,,,,,,,,,,,,,,,,0,1,1,5,,,,,0,1,1,5,,,,,,,,,,,,,,,,,,,,,0,1,1,5,,,,,0,1,1,5,,0,1,1
6,hr0972u4,,0,34,33,payment_info,PaymentInfo,10.30.70.204,2019-07-06 15:15:14.685864+00:00,1,A17ZMF7GGP6HKO,3DZQRBDBSLFONOBQFYKI2PGUC8PS3F,2.97,3.07,h3mbmhfj,,,3WRAAIUSBJZTH6ZGSK0DZLF2SPVXAS,3BG0QG8YO7YBJ48Q0U0RHRBEJCTCSH,,0,1,0.1,6,4,0,US,US,White,5,0,1,1,6,21,79,1562426162,11.15,1,0,,,,37,63,1562426180,10.75,0,1,,15,85,1562426191,8.35,0,1,,16,84,1562426199,29.09,0,1,,3,97,1562426228,8.72,0,1,,13,87,1562426237,4.07,0,1,,23,77,1562426241,20.98,0,1,,96,4,1562426262,5.17,0,1,,74,26,1562426267,7.99,0,1,,57,43,1562426275,8.23,0,1,,20,80,1562426283,2.84,0,1,,1.31,,79.4,1.36,1,1,6,1,1,0,1,8.23,0,0,16.31,10.48,30,25,0,1,4,5,0,1.23,0,1.23,,,70,50,transp,66,1,0,1.23,1,1,6,,0,30,25,I thought the reasons the algorithm assigned seconds was arbitrary. I figured it would have a much higher number for me than I actually did. I thought the human recruiter would get it closer.,"The human recruiter would have been more optimistic, judging by the arbitrarily assigned numbers of the algorithm.",3,5,2,4,2,3,3,5,3,1,,,,,,0,1,1,6,2,low,0.38,0.75,0.38,1,1,6,2,1,4,4,4,2,5,5,4,1,4,4,5,2,4,,,,,,0,1,1,6,,,,,0,1,1,6,,0,1,1
7,zvmj0cbo,,0,34,33,payment_info,PaymentInfo,10.41.198.89,2019-07-06 15:15:15.007492+00:00,1,A3DK4DDLEWCMM1,36NEMU28XFDIGR095LZYVDSLIC2MW4,3.52,3.62,h3mbmhfj,,,3WRAAIUSBJZTH6ZGSK0DZLF2SPVXAS,3BG0QG8YO7YBJ48Q0U0RHRBEJCTCSH,,0,1,0.1,7,7,1,US,US,White,4,0,1,1,7,21,79,1562426199,12.45,1,0,,,,63,37,1562426223,10.59,0,1,,85,15,1562426234,9.39,0,1,,84,16,1562426243,7.61,0,1,,97,3,1562426251,7.67,0,1,,87,13,1562426258,9.96,0,1,,77,23,1562426268,28.96,0,2,,96,4,1562426297,12.43,0,1,,74,26,1562426310,9.01,0,1,,43,57,1562426319,11.1,0,1,,80,20,1562426330,6.97,0,1,,1.29,,78.6,1.32,1,1,7,1,1,0,1,11.1,1,0,15.27,35.1,11,11,1,1,7,4,0.82,1.25,0,1.25,,,100,100,baseline,47,7,1,2.07,1,1,7,,1,11,11,it has less chance of a mistake,no difference,4,5,5,1,1,1,4,4,1,1,,,,,,0,1,1,7,4,low,0.13,1.25,0.13,1,1,7,2,1,4,2,2,4,2,2,2,4,2,3,3,2,4,,,,,,0,1,1,7,,,,,0,1,1,7,,0,1,1
8,nnbuofcv,,0,34,33,payment_info,PaymentInfo,10.178.242.143,2019-07-06 15:15:22.742181+00:00,1,AR5AV0OMG1SJU,354P56DE9K36O7CDHAN8F6SAHABS7K,3.18,3.28,h3mbmhfj,,,3WRAAIUSBJZTH6ZGSK0DZLF2SPVXAS,3BG0QG8YO7YBJ48Q0U0RHRBEJCTCSH,,0,1,0.1,8,10,0,US,US,White,4,0,1,1,8,79,21,1562426145,42.27,1,0,,,,63,37,1562426192,29.48,0,1,,15,85,1562426222,31.95,0,1,,16,84,1562426254,18.29,0,1,,3,97,1562426272,13.63,0,1,,13,87,1562426286,13.5,0,1,,77,23,1562426299,19.6,0,1,,4,96,1562426319,12.23,0,1,,26,74,1562426331,34.97,0,1,,43,57,1562426366,17.19,0,1,,80,20,1562426383,36.11,0,1,,0.8,,67.3,1.21,1,1,8,1,1,0,1,17.19,1,1,24.85,15,17,17,0,1,10,4,0.38,1.09,0.96,1.09,,,95,100,transp,3,3,1,1.47,1,1,8,,1,17,17,I tried to use my past experience with using the system to determine the algorithm,There isn't much a difference I found.,5,4,1,5,5,5,1,5,1,5,,,,,,0,1,1,8,1,high,0.5,0.5,0.5,1,1,8,5,1,5,5,5,1,5,5,5,1,1,5,5,1,5,,,,,,0,1,1,8,,,,,0,1,1,8,,0,1,1
9,lpopyl2n,,0,34,33,payment_info,PaymentInfo,10.165.209.116,2019-07-06 15:15:23.452593+00:00,1,AQA46IS6AUNA8,3A7Y0R2P2OO74JZECTISH4EBNKDXJ4,4.49,4.59,h3mbmhfj,,,3WRAAIUSBJZTH6ZGSK0DZLF2SPVXAS,3BG0QG8YO7YBJ48Q0U0RHRBEJCTCSH,,0,1,0.1,9,2,0,US,US,Asian,4,0,1,1,9,79,21,1562426150,14.31,1,0,,,,37,63,1562426180,7.73,0,1,,85,15,1562426188,12.14,0,1,,84,16,1562426200,18.66,0,1,,97,3,1562426218,8.14,0,1,,13,87,1562426226,6.73,0,1,,77,23,1562426233,9.54,0,1,,96,4,1562426243,9.21,0,1,,74,26,1562426252,12.5,0,1,,57,43,1562426264,8.5,0,1,,80,20,1562426273,13.96,0,1,,1.26,,79.3,1.36,1,1,9,1,1,0,1,8.5,0,0,15.27,12.5,9,9,0,0,2,4,0.61,1.25,0.88,1.25,,,80,80,baseline,23,7,0,2.13,1,1,9,,0,9,9,"Humans will usually round up more than a computer, because they're a bit lazier and prone to mistakes.","Seeing how it was 8.5 and I couldnt say 8.5, I would assume theyd both round to 9",5,4,4,4,1,1,1,5,1,1,,,,,,0,1,1,9,3,high,0.25,1,1,1,1,9,4,4,1,3,4,4,5,5,5,5,5,5,4,4,2,,,,,,0,1,1,9,,,,,0,1,1,9,,0,1,1
10,5zt18tu1,,0,34,33,payment_info,PaymentInfo,10.65.212.112,2019-07-06 15:15:25.822427+00:00,1,A3QXOC2AQR3ZLB,3OB0CAO74HP0DIUYTP19O555CY3HYP,2.85,2.95,h3mbmhfj,,,3WRAAIUSBJZTH6ZGSK0DZLF2SPVXAS,3BG0QG8YO7YBJ48Q0U0RHRBEJCTCSH,,0,1,0.1,10,7,0,US,US,White,5,0,1,1,10,79,21,1562426191,31.44,1,0,,,,63,37,1562426237,14.08,0,1,,85,15,1562426252,15.56,0,1,,84,16,1562426267,17.05,0,1,,97,3,1562426284,8.61,0,1,,87,13,1562426293,71.44,0,1,,77,23,1562426364,11.85,0,1,,96,4,1562426376,11.24,0,1,,74,26,1562426387,26.54,0,1,,57,43,1562426414,16.16,0,1,,80,20,1562426430,13.16,0,1,,0.98,,69.5,1.23,1,1,10,1,1,0,1,16.16,1,1,22.76,20,40,50,0,1,7,5,0,1.12,0,1.12,,,85,90,transp,34,3,0,1.12,1,1,10,,1,40,50,N/A,N/A,4,5,4,4,5,5,4,4,5,4,,,,,,0,1,1,10,1,low,0.5,0.5,0.5,1,1,10,2,1,5,4,5,4,4,4,5,3,4,5,4,5,4,,,,,,0,1,1,10,,,,,0,1,1,10,,0,1,1
11,uyparn9p,,0,3,33,matrix_new,Start,10.30.89.93,2019-07-06 15:15:25.674484+00:00,1,A24J77X6RQP62Z,3C44YUNSI1PPSOXVG6M0KTXVG17PDU,0,0.1,h3mbmhfj,,,3WRAAIUSBJZTH6ZGSK0DZLF2SPVXAS,3BG0QG8YO7YBJ48Q0U0RHRBEJCTCSH,,0,1,0.1,11,3,1,US,US,White,1,0,1,1,11,,,,,,,,,,,,,,,,,,,,,,,,,,,,,,,,,,,,,,,,,,,,,,,,,,,,,,,,,,,,,,,,,,,,,,,,,,,,,,,,,,,0,1,1,11,,,,,,,,,,,,,,,,,,,,,,,,baseline,,,,0,1,1,11,,,,,,,,,,,,,,,,,,,,,,0,1,1,11,,,,,0,1,1,11,,,,,,,,,,,,,,,,,,,,,0,1,1,11,,,,,0,1,1,11,,0,1,1
12,xgxlk34f,,0,34,33,payment_info,PaymentInfo,10.111.203.27,2019-07-06 15:15:25.891409+00:00,1,AAFLP2H4L9DKC,35BLDD71I6X509ZNU0KWHD5GQ7IZVO,2.62,2.72,h3mbmhfj,,,3WRAAIUSBJZTH6ZGSK0DZLF2SPVXAS,3BG0QG8YO7YBJ48Q0U0RHRBEJCTCSH,,0,1,0.1,12,9,0,US,US,White,5,0,1,1,12,79,21,1562426263,46.55,2,0,,,,63,37,1562426348,22.19,0,1,,15,85,1562426370,13.72,0,1,,16,84,1562426384,13.42,0,1,,97,3,1562426397,22.24,0,1,,87,13,1562426419,10.5,0,1,,77,23,1562426430,22.64,0,1,,96,4,1562426453,12.3,0,1,,26,74,1562426465,24.47,0,1,,43,57,1562426489,14.59,0,1,,80,20,1562426504,12.34,0,1,,0.72,,73.2,1.26,1,1,12,1,1,0,1,14.59,0,1,23.43,18.62,65,65,0,1,9,5,0,1.11,0,1.11,,,50,60,transp,34,1,1,1.11,1,1,12,,0,65,65,I thought a human recruiter would be more likely to score lower time - possibly not using factors like gender.,Basically I decided it was likely they would actually come to the same conclusion.,4,4,4,2,2,2,2,4,2,1,,,,,,0,1,1,12,3,low,0.25,1,0.25,1,1,12,4,2,4,4,2,4,4,5,5,2,4,4,4,4,4,,,,,,0,1,1,12,,,,,0,1,1,12,,0,1,1
13,8g907hxa,,0,34,33,payment_info,PaymentInfo,10.69.88.164,2019-07-06 15:15:26.461464+00:00,1,A171UXH8M8F6HS,3Y54SXRO1LL91I1OJIL9Z32GR4NUTE,3.31,3.41,h3mbmhfj,,,3WRAAIUSBJZTH6ZGSK0DZLF2SPVXAS,3BG0QG8YO7YBJ48Q0U0RHRBEJCTCSH,,0,1,0.1,13,7,1,US,US,Other,4,0,1,1,13,79,21,1562426188,42.41,1,0,,,,63,37,1562426241,29.55,0,1,,85,15,1562426271,30.22,0,1,,84,16,1562426301,45.48,0,1,,97,3,1562426346,9.33,0,1,,87,13,1562426356,21.97,0,1,,23,77,1562426378,14.46,0,1,,96,4,1562426392,7.18,0,1,,26,74,1562426399,58.35,0,1,,57,43,1562426458,17.54,0,1,,80,20,1562426475,17.3,0,1,,0.79,,64.9,1.21,1,1,13,1,1,0,1,17.54,1,0,19.72,18.55,17,18,1,0,7,4,0.93,1.17,1,1.17,,,90,70,baseline,31,1,1,2.1,1,1,13,,1,17,18,"I chose the algorithmic recruiter because they tend to make logical decisions over humans without (most) human biases or mistakes, minus those mistakes in the code made by humans.",I assumed the human evaluator would round the number upwards and that the algorithmic evaluator would truncate everything after the whole number without rounding up or down.,5,4,5,5,5,5,1,5,1,2,,,,,,0,1,1,13,5,low,0,1.5,0,1,1,13,1,1,5,1,1,5,4,5,5,1,5,5,5,1,5,,,,,,0,1,1,13,,,,,0,1,1,13,,0,1,1
14,ggsglpai,,0,34,33,payment_info,PaymentInfo,10.109.238.110,2019-07-06 15:15:30.595665+00:00,1,A3TBR9GIXU42DM,3COPXFW7XBCX6U358N8NO6SL0A4PK7,3.35,3.45,h3mbmhfj,,,3WRAAIUSBJZTH6ZGSK0DZLF2SPVXAS,3BG0QG8YO7YBJ48Q0U0RHRBEJCTCSH,,0,1,0.1,14,4,1,NZ,US,White,7,0,1,1,14,79,21,1562426175,16.95,1,0,,,,63,37,1562426205,8.8,0,1,,85,15,1562426214,12.54,0,1,,84,16,1562426226,15.67,0,1,,3,97,1562426242,8.75,0,1,,87,13,1562426251,5.92,0,1,,77,23,1562426257,11.07,0,1,,96,4,1562426268,7.15,0,1,,74,26,1562426275,10.42,0,1,,57,43,1562426285,9.73,0,1,,80,20,1562426295,7.69,0,1,,1.22,,80.2,1.34,1,1,14,1,1,0,1,9.73,1,1,14.43,16,9,6,1,1,4,7,0.71,1.26,0,1.26,,,50,50,transp,78,6,0,1.26,1,1,14,,1,9,6,I think it may be more accurate in predictions.,It was my best guess.,3,4,4,4,2,5,1,4,2,2,,,,,,0,1,1,14,2,high,0.38,0.75,0.75,1,1,14,4,2,4,3,3,4,2,4,3,1,5,5,4,4,4,,,,,,0,1,1,14,,,,,0,1,1,14,,0,1,1
15,gx17kre1,,0,34,33,payment_info,PaymentInfo,10.102.178.108,2019-07-06 15:15:32.632005+00:00,1,A2BW6WD7LZ9EGV,3BXQMRHWKZY5ONB4ALKXDP7OXWRMU5,4.1,4.2,h3mbmhfj,,,3WRAAIUSBJZTH6ZGSK0DZLF2SPVXAS,3BG0QG8YO7YBJ48Q0U0RHRBEJCTCSH,,0,1,0.1,15,4,1,US,US,White,3,0,1,1,15,79,21,1562426160,8.92,1,0,,,,63,37,1562426173,4.43,0,1,,85,15,1562426177,7.06,0,1,,84,16,1562426184,8.76,0,1,,97,3,1562426193,3.81,0,1,,87,13,1562426197,7.42,0,1,,23,77,1562426204,6.78,0,1,,96,4,1562426211,9.06,0,1,,74,26,1562426220,9.01,0,1,,43,57,1562426229,5.01,0,1,,80,20,1562426234,2.81,0,1,,1.35,,83.6,1.42,1,1,15,1,1,0,1,5.01,0,0,9.09,11.13,5,5,1,1,4,3,0.83,1.35,0.62,1.35,,,90,90,baseline,70,6,1,2.18,1,1,15,,0,5,5,"I felt a human recruiter would have a better understanding of human capabilities, beyond just the measurements provided by data.",My average was almost exactly five therefore I felt that both evaluators would probably determine an average similar to that figure.,3,4,2,2,1,2,3,5,3,1,,,,,,0,1,1,15,1,low,0.5,0.5,0.5,1,1,15,1,1,5,4,4,2,4,4,4,1,5,5,5,2,5,,,,,,0,1,1,15,,,,,0,1,1,15,,0,1,1
16,zqee1gqz,,0,34,33,payment_info,PaymentInfo,10.9.179.196,2019-07-06 15:15:46.227230+00:00,1,A3F51C49T9A34D,3LOTDFNYA7ZCAH8SJYVL0N8CLBQFWQ,4.12,4.22,h3mbmhfj,,,3WRAAIUSBJZTH6ZGSK0DZLF2SPVXAS,3BG0QG8YO7YBJ48Q0U0RHRBEJCTCSH,,0,1,0.1,16,9,1,US,US,White,7,0,1,1,16,21,79,1562426974,28.81,1,0,,,,63,37,1562427041,12.2,0,1,,15,85,1562427053,12.77,0,1,,16,84,1562427066,7.5,0,1,,3,97,1562427073,21.38,0,1,,87,13,1562427094,4.8,0,1,,77,23,1562427099,30.17,0,1,,4,96,1562427129,18.42,0,1,,26,74,1562427148,21.48,0,1,,43,57,1562427169,15.49,0,1,,80,20,1562427185,11.85,0,1,,1.02,,74.4,1.24,1,1,16,1,1,0,1,15.49,0,0,21.23,17,16,15,1,1,9,7,0.73,1.15,0.96,1.15,,,50,50,transp,8,8,1,1.88,1,1,16,,0,16,15,"i feel like The AI will add on to many seconds just by following the procedure. The human may  somehow make a ""mistake"" in my favor",i felt like the AI will overestimate my time based on the data and the human would underestimate my time.,4,4,4,2,2,2,2,4,2,2,,,,,,0,1,1,16,3,high,0.25,1,1,1,1,16,2,2,4,2,2,4,3,4,2,2,3,4,4,4,4,,,,,,0,1,1,16,,,,,0,1,1,16,,0,1,1
17,6y82trwe,,0,34,33,payment_info,PaymentInfo,10.30.102.230,2019-07-06 15:15:46.803559+00:00,1,A2X9VV3B0FZKHY,3A4NIXBJ76Z25XOA17SWM2B5K5YLMA,3.57,3.67,h3mbmhfj,,,3WRAAIUSBJZTH6ZGSK0DZLF2SPVXAS,3BG0QG8YO7YBJ48Q0U0RHRBEJCTCSH,,0,1,0.1,17,12,1,US,US,White,4,0,1,1,17,21,79,1562426379,26.51,1,0,,,,63,37,1562426435,24.06,0,1,,85,15,1562426459,34.69,0,1,,84,16,1562426494,22.12,0,1,,97,3,1562426516,14.94,0,1,,87,13,1562426531,41.58,0,1,,77,23,1562426572,26.21,0,1,,96,4,1562426598,18.91,0,1,,74,26,1562426617,26.09,0,1,,43,57,1562426643,17.89,0,1,,80,20,1562426661,17.72,0,1,,1.06,,65.5,1.2,1,1,17,1,1,0,1,17.89,0,1,22.62,20,15,15,1,1,12,4,0.42,1.12,0.75,1.12,,,50,40,baseline,2,7,0,1.87,1,1,17,,0,15,15,"I didn't really know what would be better, but I tend to lean towards choosing humans rather than algorithms.","I wasn't really sure about how to calculate the differences, so I estimated the values to be the same, knowing there might be some discrepancy.",2,2,3,1,1,3,2,3,3,2,,,,,,0,1,1,17,1,high,0.5,0.5,0.5,1,1,17,3,2,4,3,3,2,4,5,5,1,4,4,4,1,4,,,,,,0,1,1,17,,,,,0,1,1,17,,0,1,1
18,wmyjawhz,,0,34,33,payment_info,PaymentInfo,10.138.92.231,2019-07-06 15:15:48.921202+00:00,1,A2RGIULFG1GWF5,3VNXK88KKCIQUIHAQ2QX4P3NB4TV94,4.09,4.19,h3mbmhfj,,,3WRAAIUSBJZTH6ZGSK0DZLF2SPVXAS,3BG0QG8YO7YBJ48Q0U0RHRBEJCTCSH,,0,1,0.1,18,5,0,US,US,White,7,0,1,1,18,79,21,1562426219,26.38,1,0,,,,63,37,1562426254,15.32,0,1,,85,15,1562426269,12.67,0,1,,84,16,1562426282,49.67,0,2,,97,3,1562426331,13.16,0,1,,87,13,1562426344,21.35,0,2,,77,23,1562426366,13.05,0,1,,96,4,1562426379,19.07,0,1,,74,26,1562426398,28.93,0,2,,57,43,1562426427,16.56,0,1,,80,20,1562426443,8.91,0,1,,1.06,,70.2,1.22,1,1,18,1,1,0,1,16.56,0,1,22.9,15,22,20,0,1,5,7,0.99,1.12,0.75,1.12,,,50,50,transp,34,8,0,1.87,1,1,18,,0,22,20,"Even if humans and computers use the same factors, humans use many more criteria without even realizing it. Thus you have a higher chance of being accepted by a human.","I thought the computer would assign me a much higher number because of all of the factors going against me (being female, etc) while a human wouldn't be quite so unforgiving.",2,4,4,1,4,3,4,5,2,3,,,,,,0,1,1,18,3,high,0.25,1,1,1,1,18,5,5,3,2,2,4,4,4,5,3,4,4,5,2,3,,,,,,0,1,1,18,,,,,0,1,1,18,,0,1,1
19,hz0vi95u,,0,1,33,Demographic,Introduction,10.41.198.134,2019-07-06 15:15:52.145208+00:00,1,A1945USNZHTROX,30H4UDGLT2ISWI38TZL33JKPPFZMP9,0,0.1,h3mbmhfj,,,3WRAAIUSBJZTH6ZGSK0DZLF2SPVXAS,3BG0QG8YO7YBJ48Q0U0RHRBEJCTCSH,,0,1,0.1,19,,,,,,,0,1,1,19,,,,,,,,,,,,,,,,,,,,,,,,,,,,,,,,,,,,,,,,,,,,,,,,,,,,,,,,,,,,,,,,,,,,,,,,,,,,,,,,,,,0,1,1,19,,,,,,,,,,,,,,,,,,,,,,,,baseline,,,,0,1,1,19,,,,,,,,,,,,,,,,,,,,,,0,1,1,19,,,,,0,1,1,19,,,,,,,,,,,,,,,,,,,,,0,1,1,19,,,,,0,1,1,19,,0,1,1
20,qbzfwxcj,,0,34,33,payment_info,PaymentInfo,10.29.121.77,2019-07-06 15:15:53.059463+00:00,1,A6KOTWP7N7RLU,31IBVUNM9SZZVS8NTOQPELPYE2OVFW,3.58,3.68,h3mbmhfj,,,3WRAAIUSBJZTH6ZGSK0DZLF2SPVXAS,3BG0QG8YO7YBJ48Q0U0RHRBEJCTCSH,,0,1,0.1,20,7,1,UK,US,White,5,0,1,1,20,79,21,1562426566,10.64,1,0,,,,63,37,1562426605,14.19,0,1,,85,15,1562426619,6.83,0,1,,84,16,1562426626,6.39,0,1,,97,3,1562426632,8.18,0,1,,87,13,1562426640,14.32,0,1,,77,23,1562426655,7.02,0,1,,96,4,1562426662,7.47,0,1,,26,74,1562426669,13.29,0,1,,57,43,1562426682,8.17,0,1,,80,20,1562426691,5.27,0,1,,1.32,,80.9,1.36,1,1,20,1,1,0,1,8.17,1,0,14.43,27.25,9,8,1,1,7,5,0.71,1.26,0,1.26,,,50,50,transp,20,8,1,1.97,1,1,20,,1,9,8,"I essentially just flipped a coin.  I had no way of knowing how a human recruiter would make a decision, and the instructions regarding the algorithm were too badly written to be of any use.","I figured a human recruiter would just predict the same results again.  I tried to calculate what the algorithm would predict, but that didn't work because the instructions clearly hadn't been proofread.  If I had taken your word for it, then everyone over 18 would be taking at least 14.4 seconds, which is clearly nonsense.  I just gave up at that point and made a middle-of-the-road guess for the algorithm.",3,3,4,1,3,3,3,4,3,2,,,,,,0,1,1,20,3,low,0.25,1,0.25,1,1,20,3,3,4,2,2,4,3,2,3,2,4,3,4,2,3,,,,,,0,1,1,20,,,,,0,1,1,20,,0,1,1
21,y2i22x69,,0,23,33,discrete,Belief3,10.165.120.149,2019-07-06 15:15:53.850548+00:00,1,A32AYVVUR41HXK,3Y4W8Q93LZK2X8UR2IVZQLMD2P8VDL,0,0.1,h3mbmhfj,,,3WRAAIUSBJZTH6ZGSK0DZLF2SPVXAS,3BG0QG8YO7YBJ48Q0U0RHRBEJCTCSH,,0,1,0.1,21,4,0,US,US,Other,5,0,1,1,21,21,79,1562426193,42.05,1,0,,,,63,37,1562426246,16.28,0,1,,85,15,1562426262,13.11,0,1,,16,84,1562426275,44.37,0,1,,97,3,1562426320,11.26,0,1,,87,13,1562426331,29.62,0,1,,77,23,1562426361,18.52,0,1,,96,4,1562426379,24.28,0,1,,26,74,1562426404,17.06,0,1,,0,0,1562426421,90.34,1,5,,80,20,1562426511,12.35,0,1,,0.8,,62.3,0,1,1,21,1,1,0,1,,0,0,,,,,0,0,4,5,,,,,,,,,baseline,,,,0,1,1,21,,,,,,,,,,,,,,,,,,,,,,0,1,1,21,,,,,0,1,1,21,,,,,,,,,,,,,,,,,,,,,0,1,1,21,,,,,0,1,1,21,,0,1,1
22,c6x9jo8d,,0,34,33,payment_info,PaymentInfo,10.45.133.35,2019-07-06 15:15:55.567117+00:00,1,APJJ1HHD2GGFS,37KGEN7NJ3QYHL0LLFDVKNEKUKAPP8,3.22,3.32,h3mbmhfj,,,3WRAAIUSBJZTH6ZGSK0DZLF2SPVXAS,3BG0QG8YO7YBJ48Q0U0RHRBEJCTCSH,,0,1,0.1,22,6,0,US,US,White,2,0,1,1,22,79,21,1562427683,27.48,1,0,,,,63,37,1562427731,34.62,0,1,,15,85,1562427766,30.02,0,1,,84,16,1562427796,81.98,0,1,,97,3,1562427878,18.26,0,1,,87,13,1562427896,17.64,0,1,,77,23,1562427914,40.86,0,1,,96,4,1562427954,26.59,0,1,,74,26,1562427981,23.1,0,1,,43,57,1562428004,38.47,0,1,,80,20,1562428043,13.47,0,1,,1.04,,57.5,0.86,1,1,22,1,1,0,1,38.47,0,1,31.71,29,35,29,0,1,6,2,0.89,0.97,1,0.97,,,10,15,transp,25,8,1,1.86,1,1,22,,0,35,29,I choose the human recruiter because I felt that the number would be lower because the other recruiter uses to many facts,I just felt that the humans number would be lower and i knew that the algorithmic would be higher after it computed all the numbers based on age and education,2,1,1,1,1,2,5,3,3,3,,,,,,0,1,1,22,1,low,0.5,0.5,0.5,1,1,22,4,4,3,4,4,2,4,5,5,1,5,5,5,1,5,,,,,,0,1,1,22,,,,,0,1,1,22,,0,1,1
23,qpvurtr8,,0,34,33,payment_info,PaymentInfo,10.41.177.72,2019-07-06 15:15:57.924285+00:00,1,A3B8CHEB2ZS31K,3DEL4X4EL6LXZ8UDYTJVRRTZ0OMXYY,1.62,1.72,h3mbmhfj,,,3WRAAIUSBJZTH6ZGSK0DZLF2SPVXAS,3BG0QG8YO7YBJ48Q0U0RHRBEJCTCSH,,0,1,0.1,23,6,1,US,US,White,1,0,1,1,23,79,21,1562426224,72.97,2,0,,,,63,37,1562426310,20.13,0,1,,15,85,1562426331,14.35,0,1,,0,0,1562426345,90.74,1,1,,3,97,1562426436,11.67,0,1,,87,13,1562426447,15.04,0,1,,77,23,1562426462,54.3,0,1,,96,4,1562426517,11.53,0,1,,74,26,1562426528,24.65,0,1,,43,57,1562426553,49.68,0,1,,80,20,1562426602,8.3,0,1,,0.28,,60,0.67,1,1,23,1,1,0,1,49.68,0,0,32.84,40.5,7,9,1,1,6,1,0,0.95,0,0.95,,,100,100,baseline,59,5,1,0.95,1,1,23,,0,7,9,I guess I am just biased towards the human as they would see things that a robot will not.,As I said before the human will see things the AI will never see,2,2,2,1,1,2,1,3,2,2,,,,,,0,1,1,23,5,low,0,1.5,0,1,1,23,2,2,4,4,4,4,5,5,5,2,4,4,4,2,4,,,,,,0,1,1,23,,,,,0,1,1,23,,0,1,1
24,uswmr9hd,,0,34,33,payment_info,PaymentInfo,10.168.231.137,2019-07-06 15:15:59.263562+00:00,1,AYXN53TNFG71P,3I02618YA06B9Q8H21CPUT1J212PU4,2.33,2.43,h3mbmhfj,,,3WRAAIUSBJZTH6ZGSK0DZLF2SPVXAS,3BG0QG8YO7YBJ48Q0U0RHRBEJCTCSH,,0,1,0.1,24,12,0,US,US,White,3,0,1,1,24,79,21,1562426236,18.42,1,0,,,,63,37,1562426275,21.96,0,1,,15,85,1562426297,26.74,0,1,,16,84,1562426324,11.81,0,1,,3,97,1562426336,11.68,0,1,,87,13,1562426347,8.1,0,1,,77,23,1562426356,24.44,0,1,,4,96,1562426380,12.06,0,1,,74,26,1562426392,30.91,0,2,,57,43,1562426423,42.48,0,1,,80,20,1562426465,23.76,0,1,,1.19,,68.6,0.79,1,1,24,1,1,0,1,42.48,1,1,39.04,30,37,39,0,1,12,3,0.96,0.85,0.19,0.85,,,5,5,transp,4,2,0,1.04,1,1,24,,1,37,39,"Based on the information provided, I sensed that I might have a better chance of aligning with the results provided by the algorithmic recruiter considering that this method would be inclusive of more resuts to analize in coming up with an average. More so than the human recruiter.","Speculated that my results would be more favorable with the algorithmic evaluator considering more values were being included in coming up with an average than with the human evaluator.  At the same time, didn't necessarily think the 2 would be vastly different.",4,5,5,3,2,5,1,5,1,2,,,,,,0,1,1,24,1,low,0.5,0.5,0.5,1,1,24,2,2,5,4,5,2,4,3,4,1,5,5,5,1,5,,,,,,0,1,1,24,,,,,0,1,1,24,,0,1,1
25,fz9tvxxx,,0,1,33,Demographic,Introduction,10.29.126.230,2019-07-06 15:16:06.859406+00:00,1,A1YBUA89N9CV2N,317HQ483I7S6XE14S5AJ718D8REINT,0,0.1,h3mbmhfj,,,3WRAAIUSBJZTH6ZGSK0DZLF2SPVXAS,3BG0QG8YO7YBJ48Q0U0RHRBEJCTCSH,,0,1,0.1,25,,,,,,,0,1,1,25,,,,,,,,,,,,,,,,,,,,,,,,,,,,,,,,,,,,,,,,,,,,,,,,,,,,,,,,,,,,,,,,,,,,,,,,,,,,,,,,,,,0,1,1,25,,,,,,,,,,,,,,,,,,,,,,,,baseline,,,,0,1,1,25,,,,,,,,,,,,,,,,,,,,,,0,1,1,25,,,,,0,1,1,25,,,,,,,,,,,,,,,,,,,,,0,1,1,25,,,,,0,1,1,25,,0,1,1
26,k33l3mjy,,0,34,33,payment_info,PaymentInfo,10.43.195.3,2019-07-06 15:16:07.206850+00:00,1,A2S077TSDERITY,3QXNC7EIPIVA1HGUN528JWDXH8H09I,2.41,2.51,h3mbmhfj,,,3WRAAIUSBJZTH6ZGSK0DZLF2SPVXAS,3BG0QG8YO7YBJ48Q0U0RHRBEJCTCSH,,0,1,0.1,26,8,0,US,US,White,2,0,1,1,26,79,21,1562426238,74.48,1,0,,,,63,37,1562426328,66.08,0,1,,85,15,1562426394,27.72,0,1,,84,16,1562426422,23.95,0,1,,97,3,1562426446,9.92,0,1,,87,13,1562426455,10.4,0,1,,77,23,1562426466,66.8,0,1,,96,4,1562426533,8.38,0,1,,74,26,1562426541,54.65,0,1,,57,43,1562426596,36.71,0,2,,80,20,1562426632,7.9,0,1,,0.26,,58.8,0.89,1,1,26,1,1,0,1,36.71,0,1,32.28,34.3,42,40,0,1,8,2,0.06,0.96,0.68,0.96,,,70,70,transp,25,6,1,1.02,1,1,26,,0,42,40,I trust humans more than computers on most things. I would rather have a human determine my results.,I thought a human would do a better job at predicting than a computer.,2,2,2,2,2,2,2,2,4,2,,,,,,0,1,1,26,1,low,0.5,0.5,0.5,1,1,26,2,2,4,2,2,4,2,2,2,2,4,4,4,2,4,,,,,,0,1,1,26,,,,,0,1,1,26,,0,1,1
27,9qvc42qs,,0,1,33,Demographic,Introduction,10.69.162.166,2019-07-06 15:16:12.906779+00:00,1,A3UMFQFJ8HE82I,3R2PKQ87NW80FWG4G4VJUMJD314IMT,0,0.1,h3mbmhfj,,,3WRAAIUSBJZTH6ZGSK0DZLF2SPVXAS,3BG0QG8YO7YBJ48Q0U0RHRBEJCTCSH,,0,1,0.1,27,,,,,,,0,1,1,27,,,,,,,,,,,,,,,,,,,,,,,,,,,,,,,,,,,,,,,,,,,,,,,,,,,,,,,,,,,,,,,,,,,,,,,,,,,,,,,,,,,0,1,1,27,,,,,,,,,,,,,,,,,,,,,,,,baseline,,,,0,1,1,27,,,,,,,,,,,,,,,,,,,,,,0,1,1,27,,,,,0,1,1,27,,,,,,,,,,,,,,,,,,,,,0,1,1,27,,,,,0,1,1,27,,0,1,1
28,baexj9lb,,0,34,33,payment_info,PaymentInfo,10.63.251.11,2019-07-06 15:16:13.612629+00:00,1,A28PZF7KB8FL7Z,317HQ483I7S6XE14S5AJ718D8REINT,3.53,3.63,h3mbmhfj,,,3WRAAIUSBJZTH6ZGSK0DZLF2SPVXAS,3BG0QG8YO7YBJ48Q0U0RHRBEJCTCSH,,0,1,0.1,28,6,1,US,US,White,4,0,1,1,28,21,79,1562426340,26.89,1,0,,,,63,37,1562426383,16.39,0,1,,15,85,1562426400,10.88,0,1,,16,84,1562426411,22.85,0,1,,97,3,1562426434,16.47,0,1,,87,13,1562426450,31.22,0,1,,23,77,1562426481,34.3,0,1,,96,4,1562426516,8.57,0,1,,26,74,1562426524,62.71,0,1,,57,43,1562426587,21.94,0,1,,80,20,1562426609,6.58,0,1,,1.05,,66.8,1.13,1,1,28,1,1,0,1,21.94,1,0,20.27,20.09,22,21,1,1,6,4,0.97,1.16,0.99,1.16,,,75,75,transp,71,1,0,2.15,1,1,28,,1,22,21,I thought the algorithmic recruiter would be more accurate with this sort of task,I thought the human would be more strict and round down,4,5,5,2,1,3,1,5,1,1,,,,,,0,1,1,28,3,low,0.25,1,0.25,1,1,28,2,2,4,5,4,2,4,5,5,1,4,5,5,1,4,,,,,,0,1,1,28,,,,,0,1,1,28,,0,1,1
29,6qo7kn56,,0,1,33,Demographic,Introduction,10.63.174.177,2019-07-06 15:16:15.029511+00:00,1,A23PQYQ6A2I076,3J88R45B2GY3QU2C76NCE00NWJJPXW,0,0.1,h3mbmhfj,,,3WRAAIUSBJZTH6ZGSK0DZLF2SPVXAS,3BG0QG8YO7YBJ48Q0U0RHRBEJCTCSH,,0,1,0.1,29,,,,,,,0,1,1,29,,,,,,,,,,,,,,,,,,,,,,,,,,,,,,,,,,,,,,,,,,,,,,,,,,,,,,,,,,,,,,,,,,,,,,,,,,,,,,,,,,,0,1,1,29,,,,,,,,,,,,,,,,,,,,,,,,baseline,,,,0,1,1,29,,,,,,,,,,,,,,,,,,,,,,0,1,1,29,,,,,0,1,1,29,,,,,,,,,,,,,,,,,,,,,0,1,1,29,,,,,0,1,1,29,,0,1,1
30,0j51sj7h,,0,34,33,payment_info,PaymentInfo,10.65.62.237,2019-07-06 15:16:15.271125+00:00,1,A1VDK8E57UTTX8,3JNQLM5FT4MCYTKHRP9C7TX7E0I2L1,3.12,3.22,h3mbmhfj,,,3WRAAIUSBJZTH6ZGSK0DZLF2SPVXAS,3BG0QG8YO7YBJ48Q0U0RHRBEJCTCSH,,0,1,0.1,30,8,1,US,US,Other,5,0,1,1,30,21,79,1562426285,11.49,1,0,,,,63,37,1562426325,7.36,0,1,,85,15,1562426332,11.15,0,1,,84,16,1562426343,10.32,0,1,,97,3,1562426353,6.29,0,1,,87,13,1562426360,10.23,0,1,,77,23,1562426370,18.25,0,1,,96,4,1562426388,6.3,0,1,,26,74,1562426394,9.68,0,1,,57,43,1562426404,6.97,0,1,,20,80,1562426411,12.49,0,1,,1.31,,80.1,1.38,1,1,30,1,1,0,1,6.97,0,1,15.57,11.2,73,18,1,0,8,5,0,1.24,0.54,1.24,,,85,50,transp,20,7,1,1.24,1,1,30,,0,73,18,"Based on my average times,I was around the teens. I figured a human would guess an average, and I did not believe that being female or white would dramatically change the numbers; therefore, I assumed the numbers for the computer were arbitrary, and I went with what a human would average.","I was trying to do the math, but I wasn't sure how it went, despite the explanation. I was asked if I was an undergraduate or pursuing a masters; I have a bachelors. Was a bachelors my sixteenth grade level (!2th grade plus four-year degree)/ Did kindergarten count, which was another level? The breakdowns did not make sense, penalizing people for gender or race, so I did not know how to calculate (half-white / half-black; do I take half the points for race?) And so on...",1,5,5,1,1,1,5,5,1,1,,,,,,0,1,1,30,1,high,0.5,0.5,0.5,1,1,30,2,4,4,5,1,5,5,5,5,2,2,3,4,2,5,,,,,,0,1,1,30,,,,,0,1,1,30,,0,1,1
31,lmal45fw,,0,3,33,matrix_new,Start,10.41.137.142,2019-07-06 15:16:15.671629+00:00,1,A12OZ7P7Z41SJI,3X73LLYYQ1E61JQKMNSY7P7Y8EZNH5,0,0.1,h3mbmhfj,,,3WRAAIUSBJZTH6ZGSK0DZLF2SPVXAS,3BG0QG8YO7YBJ48Q0U0RHRBEJCTCSH,,0,1,0.1,31,10,1,US,US,White,4,0,1,1,31,,,,,,,,,,,,,,,,,,,,,,,,,,,,,,,,,,,,,,,,,,,,,,,,,,,,,,,,,,,,,,,,,,,,,,,,,,,,,,,,,,,0,1,1,31,,,,,,,,,,,,,,,,,,,,,,,,baseline,,,,0,1,1,31,,,,,,,,,,,,,,,,,,,,,,0,1,1,31,,,,,0,1,1,31,,,,,,,,,,,,,,,,,,,,,0,1,1,31,,,,,0,1,1,31,,0,1,1
32,26mvty19,,0,34,33,payment_info,PaymentInfo,10.60.182.29,2019-07-06 15:16:16.832909+00:00,1,A1MTQP7TA5RCOB,3TK8OJTYM1LBM5XH7RMUQF32G8BVPZ,4.25,4.35,h3mbmhfj,,,3WRAAIUSBJZTH6ZGSK0DZLF2SPVXAS,3BG0QG8YO7YBJ48Q0U0RHRBEJCTCSH,,0,1,0.1,32,8,1,US,US,White,2,0,1,1,32,21,79,1562426242,13.93,1,0,,,,63,37,1562426295,6.99,0,1,,85,15,1562426302,14.03,0,1,,84,16,1562426316,27.32,0,2,,97,3,1562426343,9.82,0,1,,87,13,1562426353,4.83,0,1,,77,23,1562426358,6.06,0,1,,96,4,1562426364,7.79,0,1,,74,26,1562426372,7.49,0,1,,43,57,1562426379,13.88,0,1,,80,20,1562426393,11.49,0,1,,1.27,,79,1.27,1,1,32,1,1,0,1,13.88,0,1,16.08,10,20,15,1,1,8,2,0.85,1.23,0.75,1.23,,,100,100,transp,44,4,0,1.98,1,1,32,,0,20,15,I thought that the human recruiter would rate me better than the algorithm,The algorithm would rate me lower because I was male,2,2,4,2,2,4,4,5,4,2,,,,,,0,1,1,32,3,high,0.25,1,1,1,1,32,5,5,2,2,2,4,2,2,5,3,2,3,5,3,5,,,,,,0,1,1,32,,,,,0,1,1,32,,0,1,1
33,o87h06i5,,0,34,33,payment_info,PaymentInfo,10.91.230.250,2019-07-06 15:16:18.131232+00:00,1,A3A6UM3O4X5VHU,3CN4LGXD5XO61663EIHQUGW17THY4K,3.99,4.09,h3mbmhfj,,,3WRAAIUSBJZTH6ZGSK0DZLF2SPVXAS,3BG0QG8YO7YBJ48Q0U0RHRBEJCTCSH,,0,1,0.1,33,5,0,US,US,White,4,0,1,1,33,21,79,1562426248,42.66,1,0,,,,63,37,1562426301,21.98,0,1,,15,85,1562426323,42.46,0,1,,16,84,1562426365,21.14,0,1,,3,97,1562426386,16.59,0,1,,87,13,1562426403,12.85,0,1,,77,23,1562426416,38.34,0,1,,96,4,1562426454,33.85,0,1,,26,74,1562426488,34.59,0,1,,43,57,1562426523,20.25,0,1,,80,20,1562426543,17.01,0,1,,0.79,,64.1,1.16,1,1,33,1,1,0,1,20.25,1,1,22.72,18,18,20,0,1,5,4,0.78,1.12,0.96,1.12,,,10,25,baseline,7,5,0,2.08,1,1,33,,1,18,20,I thought that the computer would do a better job.,"I didnt want to aim too low, so i took an average",4,4,4,4,4,4,1,4,1,1,,,,,,0,1,1,33,2,high,0.38,0.75,0.75,1,1,33,3,3,4,4,4,2,4,4,4,2,4,4,4,2,4,,,,,,0,1,1,33,,,,,0,1,1,33,,0,1,1
34,d9vr8iff,,0,34,33,payment_info,PaymentInfo,10.63.198.238,2019-07-06 15:16:20.084467+00:00,1,A13DKPCP0O48WN,3P59JYT76LK0H6SM0YB3TK7O8D3T2U,2.42,2.52,h3mbmhfj,,,3WRAAIUSBJZTH6ZGSK0DZLF2SPVXAS,3BG0QG8YO7YBJ48Q0U0RHRBEJCTCSH,,0,1,0.1,34,6,0,US,US,White,5,0,1,1,34,79,21,1562426256,46.47,1,0,,,,63,37,1562426326,26.82,0,1,,85,15,1562426353,51.8,0,1,,84,16,1562426404,25.92,0,1,,97,3,1562426430,52.13,0,1,,87,13,1562426482,81.19,0,1,,77,23,1562426564,29.5,0,1,,96,4,1562426593,76.79,0,1,,74,26,1562426670,20.48,0,1,,43,57,1562426690,33.83,0,1,,80,20,1562426724,19.51,0,1,,0.73,,48.2,0.94,1,1,34,1,1,0,1,33.83,1,1,31.38,17.09,3,3,0,1,6,5,0,0.98,0,0.98,,,3,3,transp,75,6,0,0.98,1,1,34,,1,3,3,I guessed two numbers and went from there.,No,4,3,2,3,2,2,1,5,1,2,,,,,,0,1,1,34,1,low,0.5,0.5,0.5,1,1,34,2,2,4,4,4,2,5,3,5,3,5,5,5,3,4,,,,,,0,1,1,34,,,,,0,1,1,34,,0,1,1
35,4t7w7jlj,,0,25,33,openquestion,Introduction,10.37.193.179,2019-07-06 15:16:21.112295+00:00,1,A2XQ3CFB5HT2ZQ,3SB5N7Y3O34PGR321B8IBDZKLLBG0O,3,3.1,h3mbmhfj,,,3WRAAIUSBJZTH6ZGSK0DZLF2SPVXAS,3BG0QG8YO7YBJ48Q0U0RHRBEJCTCSH,,0,1,0.1,35,10,0,US,US,White,5,0,1,1,35,79,21,1562426307,33.72,1,0,,,,63,37,1562426368,15.75,0,1,,85,15,1562426383,22.71,0,1,,84,16,1562426406,41.55,0,1,,97,3,1562426448,10.89,0,1,,87,13,1562426458,79.17,0,1,,77,23,1562426538,36.32,0,1,,96,4,1562426574,86.16,0,1,,26,74,1562426660,20.71,0,1,,43,57,1562426681,26.89,0,1,,80,20,1562426708,20.16,0,1,,0.94,,54,1.05,1,1,35,1,1,0,1,26.89,1,0,30.7,30,37,32,0,1,10,5,0.6,0.99,0.96,0.99,,,85,80,baseline,75,4,0,1.95,1,1,35,,1,37,32,,,,,,,,,,,,,,,,,,0,1,1,35,,,,,0,1,1,35,,,,,,,,,,,,,,,,,,,,,0,1,1,35,,,,,0,1,1,35,,0,1,1
36,n8c92gtm,,0,25,33,openquestion,Introduction,10.37.197.143,2019-07-06 15:16:21.979262+00:00,1,A37597TAX63L8L,3HMIGG0U4L67K7T5QL73BSC69FDY8R,1.85,1.95,h3mbmhfj,,,3WRAAIUSBJZTH6ZGSK0DZLF2SPVXAS,3BG0QG8YO7YBJ48Q0U0RHRBEJCTCSH,,0,1,0.1,36,4,0,US,US,White,4,0,1,1,36,79,21,1562426242,79.51,1,0,,,,63,37,1562426334,13.36,0,1,,85,15,1562426347,26.24,0,1,,16,84,1562426373,56.17,0,1,,3,97,1562426430,44.73,0,1,,87,13,1562426474,59.54,0,1,,23,77,1562426534,28.55,0,1,,0,0,1562426562,92.16,1,2,,74,26,1562426655,26.56,0,1,,43,57,1562426681,37.96,0,1,,20,80,1562426719,16.42,0,1,,0.17,,50,0.87,1,1,36,1,1,0,1,37.96,1,1,31.36,25,60,70,0,1,4,4,0,0.98,0,0.98,,,70,60,transp,75,3,1,0.98,1,1,36,,1,60,70,,,,,,,,,,,,,,,,,,0,1,1,36,,,,,0,1,1,36,,,,,,,,,,,,,,,,,,,,,0,1,1,36,,,,,0,1,1,36,,0,1,1
37,muco667l,,0,34,33,payment_info,PaymentInfo,10.29.123.33,2019-07-06 15:16:22.737002+00:00,1,A1YQYQRX5YFNJW,386CSBG1OZMB7RJV6WTBESDD4B6Q6U,2.16,2.26,h3mbmhfj,,,3WRAAIUSBJZTH6ZGSK0DZLF2SPVXAS,3BG0QG8YO7YBJ48Q0U0RHRBEJCTCSH,,0,1,0.1,37,10,0,US,US,White,2,0,1,1,37,79,21,1562426251,37.58,1,0,,,,63,37,1562426304,13.16,0,1,,85,15,1562426317,13.85,0,1,,84,16,1562426331,46.22,0,1,,97,3,1562426377,10.35,0,1,,87,13,1562426387,10.95,0,1,,77,23,1562426398,15.54,0,1,,96,4,1562426414,15.15,0,1,,74,26,1562426429,15.45,0,1,,57,43,1562426445,66.73,0,2,,80,20,1562426511,11.33,0,1,,0.87,,68.1,0.39,1,1,37,1,1,0,1,66.73,1,0,49.69,58.27,56,55,0,1,10,2,0.6,0.67,0.89,0.67,,,50,50,baseline,58,1,1,1.27,1,1,37,,1,56,55,I thin it is more accurate.,I think the  algorithm is more accurate.,4,4,4,3,2,4,2,4,2,2,,,,,,0,1,1,37,1,low,0.5,0.5,0.5,1,1,37,2,2,4,2,2,4,4,4,4,3,4,4,4,2,4,,,,,,0,1,1,37,,,,,0,1,1,37,,0,1,1
38,sb0sxadf,,0,34,33,payment_info,PaymentInfo,10.101.231.143,2019-07-06 15:16:23.424088+00:00,1,ABMH09TPJ72JW,3K9FOBBF2HJ8NF9AD87WZH05PV8NLC,4.33,4.43,h3mbmhfj,,,3WRAAIUSBJZTH6ZGSK0DZLF2SPVXAS,3BG0QG8YO7YBJ48Q0U0RHRBEJCTCSH,,0,1,0.1,38,5,1,US,US,Asian,5,0,1,1,38,79,21,1562426237,34.43,2,0,,,,63,37,1562426284,9.18,0,1,,85,15,1562426293,7.3,0,1,,84,16,1562426301,16.98,0,1,,97,3,1562426318,9.07,0,1,,87,13,1562426327,18.63,0,1,,77,23,1562426345,47.93,0,1,,96,4,1562426393,4.37,0,1,,74,26,1562426398,8.26,0,1,,57,43,1562426406,11.91,0,1,,80,20,1562426418,6.63,0,1,,0.93,,75.9,1.3,1,1,38,1,1,0,1,11.91,1,0,15.94,12.43,10,8,1,0,5,5,0.65,1.23,0.8,1.23,,,75,75,transp,9,7,0,2.03,1,1,38,,1,10,8,I wanted to be evaluated solely on the parameters given to the algorithmic recruiter as opposed to the human which can have some bias or reservations. I knew the algorithmic recruiter would go solely based on calculations.,"I wasn't sure if they would choose a value lower or higher than my time for my trial 9 run, so I chose lower just to give myself a boost on estimation for my skills.",4,5,3,2,2,4,1,4,3,2,,,,,,0,1,1,38,3,high,0.25,1,1,1,1,38,2,2,4,5,4,3,4,4,5,1,3,3,5,3,5,,,,,,0,1,1,38,,,,,0,1,1,38,,0,1,1
39,rjzibsnd,,0,34,33,payment_info,PaymentInfo,10.63.114.134,2019-07-06 15:16:24.441775+00:00,1,A1DUPOUC9RNU4L,32XVDSJFPZXW4B22R1AR76CWE582M3,3.26,3.36,h3mbmhfj,,,3WRAAIUSBJZTH6ZGSK0DZLF2SPVXAS,3BG0QG8YO7YBJ48Q0U0RHRBEJCTCSH,,0,1,0.1,39,10,0,US,US,White,4,0,1,1,39,79,21,1562426263,13.42,1,0,,,,63,37,1562426318,9.98,0,1,,85,15,1562426328,18.01,0,1,,84,16,1562426346,48.04,0,1,,97,3,1562426394,11.44,0,1,,87,13,1562426405,46.82,0,2,,77,23,1562426452,9.27,0,1,,96,4,1562426461,7.45,0,1,,74,26,1562426469,89.3,0,5,,57,43,1562426558,14.69,0,1,,80,20,1562426573,20.6,0,1,,1.28,,62.4,1.26,1,1,39,1,1,0,1,14.69,0,0,23.53,16,9,10,0,1,10,4,0,1.11,0.64,1.11,,,50,50,baseline,34,5,0,1.75,1,1,39,,0,9,10,I think the human predictor took into account my gender.,I think the human would think I was slower.,4,4,5,2,2,3,2,4,2,3,,,,,,0,1,1,39,3,low,0.25,1,0.25,1,1,39,2,2,4,4,4,2,4,4,4,2,4,4,4,2,4,,,,,,0,1,1,39,,,,,0,1,1,39,,0,1,1
40,uy30zij1,,0,1,33,Demographic,Introduction,10.30.25.30,2019-07-06 15:16:29.281338+00:00,1,A2SB1L86EEZH1T,34BBWHLWHABWK8AIK6163KL413IIWK,0,0.1,h3mbmhfj,,,3WRAAIUSBJZTH6ZGSK0DZLF2SPVXAS,3BG0QG8YO7YBJ48Q0U0RHRBEJCTCSH,,0,1,0.1,40,,,,,,,0,1,1,40,,,,,,,,,,,,,,,,,,,,,,,,,,,,,,,,,,,,,,,,,,,,,,,,,,,,,,,,,,,,,,,,,,,,,,,,,,,,,,,,,,,0,1,1,40,,,,,,,,,,,,,,,,,,,,,,,,transp,,,,0,1,1,40,,,,,,,,,,,,,,,,,,,,,,0,1,1,40,,,,,0,1,1,40,,,,,,,,,,,,,,,,,,,,,0,1,1,40,,,,,0,1,1,40,,0,1,1
41,1kxvfj0d,,0,34,33,payment_info,PaymentInfo,10.35.223.16,2019-07-06 15:16:45.602032+00:00,1,A3U53LW0JV9UQJ,3TK8OJTYM1LBM5XH7RMUQF32G8BPVT,3.33,3.43,h3mbmhfj,,,3WRAAIUSBJZTH6ZGSK0DZLF2SPVXAS,3BG0QG8YO7YBJ48Q0U0RHRBEJCTCSH,,0,1,0.1,41,4,0,US,US,White,6,0,1,1,41,79,21,1562426277,26.32,1,0,,,,63,37,1562426311,12.27,0,1,,85,15,1562426323,35.6,0,1,,84,16,1562426359,72.35,0,1,,97,3,1562426431,10.64,0,1,,87,13,1562426442,42.16,0,1,,77,23,1562426484,53.88,0,1,,96,4,1562426538,37.05,0,1,,74,26,1562426575,46.05,0,1,,43,57,1562426621,17.08,0,1,,80,20,1562426638,21.45,0,1,,1.06,,55.2,1.22,1,1,41,1,1,0,1,17.08,0,1,21.71,15.3,17,17,0,1,4,6,0.78,1.14,0.97,1.14,,,100,100,baseline,36,6,0,2.11,1,1,41,,0,17,17,FOR EASY UNDERSTANDING,FOR EASY UNDERSTANDING,5,4,4,5,5,4,4,4,4,4,,,,,,0,1,1,41,5,low,0,1.5,0,1,1,41,4,3,4,3,3,4,4,3,4,3,4,4,3,3,3,,,,,,0,1,1,41,,,,,0,1,1,41,,0,1,1
42,20bq6zrm,,0,34,33,payment_info,PaymentInfo,10.136.83.38,2019-07-06 15:17:08.734077+00:00,1,A22KYUSPCMWIKR,3W92K5RLWUH7TVFYNCDGS9YLP8AV5D,2.6,2.7,h3mbmhfj,,,3WRAAIUSBJZTH6ZGSK0DZLF2SPVXAS,3BG0QG8YO7YBJ48Q0U0RHRBEJCTCSH,,0,1,0.1,42,6,1,US,US,White,5,0,1,1,42,79,21,1562426436,28.61,1,0,,,,63,37,1562426481,15.39,0,1,,85,15,1562426497,77.01,0,1,,84,16,1562426574,36.69,0,1,,97,3,1562426610,15.23,0,1,,87,13,1562426626,8.67,0,1,,77,23,1562426634,16.53,0,1,,96,4,1562426651,21.02,0,1,,74,26,1562426672,80.34,0,1,,43,57,1562426752,14.66,0,1,,0,0,1562426767,92.67,1,1,,1.02,,52.4,1.26,1,1,42,1,1,0,1,14.66,0,1,17.12,18,1,1,1,1,6,5,0,1.21,0,1.21,,,60,55,transp,43,2,0,1.21,1,1,42,,0,1,1,I just wanted to choose this,Dont have any,4,4,4,3,4,5,4,3,3,4,,,,,,0,1,1,42,4,low,0.13,1.25,0.13,1,1,42,4,4,3,4,4,5,4,5,4,3,3,4,4,4,5,,,,,,0,1,1,42,,,,,0,1,1,42,,0,1,1
43,94v981gm,,0,34,33,payment_info,PaymentInfo,10.28.119.231,2019-07-06 15:17:58.463955+00:00,1,A2NGSSVZ08HZVD,39OWYR0EPKRGZM3SYZD9LKTSWJQFYP,2.77,2.87,h3mbmhfj,,,3WRAAIUSBJZTH6ZGSK0DZLF2SPVXAS,3BG0QG8YO7YBJ48Q0U0RHRBEJCTCSH,,0,1,0.1,43,9,1,US,US,White,4,0,1,1,43,0,0,1562426330,90.69,1,1,,,,0,0,1562426430,90.83,1,2,,15,85,1562426521,26.74,0,1,,16,84,1562426548,9.24,0,1,,3,97,1562426557,9.62,0,1,,87,13,1562426567,9.09,0,1,,77,23,1562426576,16.77,0,1,,4,96,1562426592,14.34,0,1,,26,74,1562426607,9.06,0,1,,43,57,1562426616,16.68,0,1,,80,20,1562426632,11.36,0,1,,0,,68.7,1.22,1,1,43,1,1,0,1,16.68,1,0,19.73,30,17,15,1,1,9,4,0.93,1.17,0,1.17,,,70,90,baseline,46,4,0,1.17,1,1,43,,1,17,15,"Considering the task, I thought the algorithmic recruiter would be more ""fair"" about things. Humans aren't that way always.",I had trouble entering the numbers on the first entry and thought the human evaluator might hold that against me.,4,4,3,4,2,4,1,4,2,2,,,,,,0,1,1,43,2,low,0.38,0.75,0.38,1,1,43,2,2,4,2,3,3,5,4,5,1,3,4,4,2,4,,,,,,0,1,1,43,,,,,0,1,1,43,,0,1,1
44,vs4em52y,,0,34,33,payment_info,PaymentInfo,10.33.152.107,2019-07-06 15:18:01.895489+00:00,1,A3MYTEE8WSEQ2Z,3R2PKQ87NW80FWG4G4VJUMJD314IMT,3.87,3.97,h3mbmhfj,,,3WRAAIUSBJZTH6ZGSK0DZLF2SPVXAS,3BG0QG8YO7YBJ48Q0U0RHRBEJCTCSH,,0,1,0.1,44,3,1,US,US,Other,5,0,1,1,44,79,21,1562426323,21.14,1,0,,,,63,37,1562426355,11.54,0,1,,85,15,1562426366,8.89,0,1,,84,16,1562426375,17.13,0,1,,97,3,1562426392,6.18,0,1,,87,13,1562426399,8.82,0,1,,77,23,1562426407,13.56,0,1,,96,4,1562426421,5.48,0,1,,26,74,1562426426,9.81,0,1,,57,43,1562426436,9.52,0,1,,80,20,1562426446,52.95,0,2,,1.15,,75.6,1.34,1,1,44,1,1,0,1,9.52,0,1,13.18,9.64,13,10,1,0,3,5,1,1.28,1,1.28,,,90,99,transp,49,1,0,2.28,1,1,44,,0,13,10,I thought the human would have been less accurate leading to a higher bonus,I thought the algorithm would judge me more harshly than a human,2,4,3,4,4,2,5,5,3,3,,,,,,0,1,1,44,3,low,0.25,1,0.25,1,1,44,4,4,3,2,2,5,3,3,4,3,4,3,4,5,4,,,,,,0,1,1,44,,,,,0,1,1,44,,0,1,1
45,qytwkim4,,0,25,33,openquestion,Introduction,10.43.237.21,2019-07-06 15:18:02.934430+00:00,1,A3NFBTB5I1X6HI,3WJEQKOXA82ODPBHBUK8TW7RSI51A1,2.31,2.41,h3mbmhfj,,,3WRAAIUSBJZTH6ZGSK0DZLF2SPVXAS,3BG0QG8YO7YBJ48Q0U0RHRBEJCTCSH,,0,1,0.1,45,4,0,US,US,White,5,0,1,1,45,79,21,1562426383,76.21,1,0,,,,63,37,1562426480,18.91,0,1,,85,15,1562426499,26.5,0,1,,84,16,1562426526,67.01,0,1,,97,3,1562426593,25.32,0,1,,87,13,1562426618,41.62,0,1,,77,23,1562426660,30.67,0,2,,96,4,1562426690,10.57,0,1,,26,74,1562426701,26.75,0,1,,57,43,1562426728,19.36,0,1,,80,20,1562426747,9.83,0,1,,0.23,,62.3,1.18,1,1,45,1,1,0,1,19.36,0,0,22.21,16.3,2,60,0,1,4,5,0,1.13,0,1.13,,,5,8,baseline,34,6,0,1.13,1,1,45,,0,2,60,,,,,,,,,,,,,,,,,,0,1,1,45,,,,,0,1,1,45,,,,,,,,,,,,,,,,,,,,,0,1,1,45,,,,,0,1,1,45,,0,1,1
46,21s3n8ys,,0,34,33,payment_info,PaymentInfo,10.69.88.164,2019-07-06 15:18:19.966098+00:00,1,A2J6S7QR4CGXTW,3NVC2EB65QZLJANZE4C7KB4VTTM3Y5,2.63,2.73,h3mbmhfj,,,3WRAAIUSBJZTH6ZGSK0DZLF2SPVXAS,3BG0QG8YO7YBJ48Q0U0RHRBEJCTCSH,,0,1,0.1,46,5,1,US,US,White,5,0,1,1,46,79,21,1562426373,34.02,1,0,,,,63,37,1562426458,27.39,0,1,,0,0,1562426485,90.89,1,1,,84,16,1562426576,21.19,0,1,,97,3,1562426598,77.02,0,1,,87,13,1562426675,41.32,0,1,,77,23,1562426716,29.79,0,1,,96,4,1562426746,21.21,0,1,,74,26,1562426767,23.94,0,1,,43,57,1562426791,45.34,0,1,,80,20,1562426836,16.61,0,1,,0.93,,50.6,0.74,1,1,46,1,1,0,1,45.34,1,1,32.63,32,30,40,1,1,5,5,0.93,0.96,0.36,0.96,,,90,90,transp,59,3,1,1.89,1,1,46,,1,30,40,I feel like it would be more fair and always choose the same based on the data given to it.,I thought the human would interpret  the data differently than the computer.,4,2,4,2,3,1,1,5,2,1,,,,,,0,1,1,46,5,low,0,1.5,0,1,1,46,1,1,4,3,4,2,4,4,2,2,2,5,5,1,5,,,,,,0,1,1,46,,,,,0,1,1,46,,0,1,1
47,rqa748kh,,0,34,33,payment_info,PaymentInfo,10.51.235.157,2019-07-06 15:18:35.906052+00:00,1,AKVDK30EEV08C,36DSNE9QZ5YKAALMB2VWYRNIBG8OJQ,3.25,3.35,h3mbmhfj,,,3WRAAIUSBJZTH6ZGSK0DZLF2SPVXAS,3BG0QG8YO7YBJ48Q0U0RHRBEJCTCSH,,0,1,0.1,47,11,0,US,US,White,4,0,1,1,47,79,21,1562427003,33.63,1,0,,,,63,37,1562427076,40.65,0,1,,85,15,1562427117,67.13,0,1,,84,16,1562427184,19.6,0,1,,97,3,1562427203,16.3,0,1,,0,0,1562427220,90.65,1,1,,77,23,1562427310,19.3,0,1,,96,4,1562427330,10.03,0,1,,74,26,1562427340,17.96,0,1,,43,57,1562427358,18.6,0,1,,20,80,1562427376,10.1,0,1,,0.94,,59,1.19,1,1,47,1,1,0,1,18.6,1,1,26.35,20,45,35,0,1,11,4,0,1.06,0,1.06,,,50,50,baseline,33,5,1,1.06,1,1,47,,1,45,35,"It's a little like how I would choose a lottery ticket, I thought I would just take a chance that way, maybe I would have better results.",I thought a human and algorithmic might be similar and almost entered the same amount for both but decided to lower the human rate a little.,2,4,3,2,1,1,1,3,2,1,,,,,,0,1,1,47,3,high,0.25,1,1,1,1,47,2,2,4,2,3,2,3,3,3,1,5,5,4,2,4,,,,,,0,1,1,47,,,,,0,1,1,47,,0,1,1
48,pp9rk7lm,,0,34,33,payment_info,PaymentInfo,10.29.123.33,2019-07-06 15:22:55.340735+00:00,1,A2OC4PZXSR522W,3PQMUDRV7R6EJDQDVPXR2TCWMSLIIE,3.64,3.74,h3mbmhfj,,,3WRAAIUSBJZTH6ZGSK0DZLF2SPVXAS,3BG0QG8YO7YBJ48Q0U0RHRBEJCTCSH,,0,1,0.1,48,8,1,US,US,White,4,0,1,1,48,79,21,1562426713,23.88,1,0,,,,63,37,1562426767,11.83,0,1,,15,85,1562426779,28.02,0,1,,84,16,1562426807,20.29,0,1,,97,3,1562426827,8.76,0,1,,87,13,1562426836,10.72,0,1,,23,77,1562426847,8.96,0,1,,96,4,1562426856,7.65,0,1,,74,26,1562426863,7.45,0,1,,57,43,1562426871,14.16,0,1,,80,20,1562426885,8.2,0,1,,1.1,,77.4,1.26,1,1,48,1,1,0,1,14.16,0,1,17.64,19.785,14,14,1,1,8,4,0.87,1.21,0.67,1.21,,,81,80,transp,79,9,0,1.88,1,1,48,,0,14,14,"I should have chosen the algorithm , I choose the human due to bias I think",I choose the same for both because I was not able to evaluate a different way to choose with my limited understanding,4,4,1,4,4,4,2,4,2,4,,,,,,0,1,1,48,1,low,0.5,0.5,0.5,1,1,48,3,2,3,4,3,3,4,4,5,2,4,4,4,3,4,,,,,,0,1,1,48,,,,,0,1,1,48,,0,1,1
49,nr7g33gp,,0,1,33,Demographic,Introduction,10.71.235.239,2019-07-06 15:23:13.737292+00:00,1,A2VW28T9SZ2BUI,3BF51CHDTVA3GNYDLHQ0WDBL0LP0H8,0,0.1,h3mbmhfj,,,3WRAAIUSBJZTH6ZGSK0DZLF2SPVXAS,3BG0QG8YO7YBJ48Q0U0RHRBEJCTCSH,,0,1,0.1,49,,,,,,,0,1,1,49,,,,,,,,,,,,,,,,,,,,,,,,,,,,,,,,,,,,,,,,,,,,,,,,,,,,,,,,,,,,,,,,,,,,,,,,,,,,,,,,,,,0,1,1,49,,,,,,,,,,,,,,,,,,,,,,,,baseline,,,,0,1,1,49,,,,,,,,,,,,,,,,,,,,,,0,1,1,49,,,,,0,1,1,49,,,,,,,,,,,,,,,,,,,,,0,1,1,49,,,,,0,1,1,49,,0,1,1
50,d2xswklp,,0,34,33,payment_info,PaymentInfo,10.45.210.143,2019-07-06 15:24:23.212419+00:00,1,APPNTU0LE3T9L,3E1QT0TDFP9LU7E0M3L0P4IIJWFI85,4.55,4.65,h3mbmhfj,,,3WRAAIUSBJZTH6ZGSK0DZLF2SPVXAS,3BG0QG8YO7YBJ48Q0U0RHRBEJCTCSH,,0,1,0.1,50,5,0,US,US,White,4,0,1,1,50,21,79,1562426736,10.59,1,0,,,,63,37,1562426751,8.84,0,1,,85,15,1562426760,12.15,0,1,,16,84,1562426772,20.31,0,2,,97,3,1562426793,6.33,0,1,,87,13,1562426799,9.14,0,1,,77,23,1562426808,13.48,0,1,,96,4,1562426822,5.83,0,1,,26,74,1562426828,6.45,0,1,,43,57,1562426834,17.89,0,1,,80,20,1562426852,22.75,0,2,,1.32,,77.7,1.2,1,1,50,1,1,0,1,17.89,1,1,21.47,14,11,12,0,1,5,4,0,1.14,0.96,1.14,,,90,85,transp,36,8,0,2.1,1,1,50,,1,11,12,I'm not sure,None,3,3,3,3,3,3,3,3,3,3,,,,,,0,1,1,50,4,high,0.13,1.25,1.25,1,1,50,4,2,4,4,4,3,4,4,4,1,4,5,4,4,4,,,,,,0,1,1,50,,,,,0,1,1,50,,0,1,1
51,rl4smt39,,0,34,33,payment_info,PaymentInfo,10.30.70.204,2019-07-06 15:24:42.975093+00:00,1,A1CCQK9OJ7ZICK,3Y4W8Q93LZK2X8UR2IVZQLMD2P8VDL,1.59,1.69,h3mbmhfj,,,3WRAAIUSBJZTH6ZGSK0DZLF2SPVXAS,3BG0QG8YO7YBJ48Q0U0RHRBEJCTCSH,,0,1,0.1,51,4,1,US,US,Hispanic,1,0,1,1,51,79,21,1562426865,63.32,1,0,,,,63,37,1562426950,34.87,0,2,,85,15,1562426985,66.9,0,1,,16,84,1562427052,16.01,0,1,,3,97,1562427068,10.76,0,1,,87,13,1562427079,12.81,0,1,,77,23,1562427091,77.33,0,1,,96,4,1562427169,41.73,0,1,,74,26,1562427210,25.81,0,1,,57,43,1562427236,70.88,0,1,,80,20,1562427307,12.83,0,1,,0.44,,53,0.32,1,1,51,1,1,0,1,70.88,0,1,43.61,42,70,70,1,0,4,1,0,0.77,0,0.77,,,50,50,baseline,77,3,0,0.77,1,1,51,,0,70,70,Because its a person,I figured they would have the same values,5,5,5,1,1,5,1,5,1,1,,,,,,0,1,1,51,1,low,0.5,0.5,0.5,1,1,51,2,2,4,5,5,1,5,5,5,1,5,5,5,2,5,,,,,,0,1,1,51,,,,,0,1,1,51,,0,1,1
52,gon24z3x,,0,1,33,Demographic,Introduction,10.91.230.250,2019-07-06 15:26:19.964898+00:00,1,A1SX8IVV82M0LW,35L9RVQFCOIJW9ATJO4KLKZSGASHUR,0,0.1,h3mbmhfj,,,3WRAAIUSBJZTH6ZGSK0DZLF2SPVXAS,3BG0QG8YO7YBJ48Q0U0RHRBEJCTCSH,,0,1,0.1,52,,,,,,,0,1,1,52,,,,,,,,,,,,,,,,,,,,,,,,,,,,,,,,,,,,,,,,,,,,,,,,,,,,,,,,,,,,,,,,,,,,,,,,,,,,,,,,,,,0,1,1,52,,,,,,,,,,,,,,,,,,,,,,,,transp,,,,0,1,1,52,,,,,,,,,,,,,,,,,,,,,,0,1,1,52,,,,,0,1,1,52,,,,,,,,,,,,,,,,,,,,,0,1,1,52,,,,,0,1,1,52,,0,1,1
53,d77znzli,,0,34,33,payment_info,PaymentInfo,10.31.91.197,2019-07-06 15:28:31.524895+00:00,1,AU5RW3OQBKMU7,3HMIGG0U4L67K7T5QL73BSC69FDY8R,3.01,3.11,h3mbmhfj,,,3WRAAIUSBJZTH6ZGSK0DZLF2SPVXAS,3BG0QG8YO7YBJ48Q0U0RHRBEJCTCSH,,0,1,0.1,53,11,1,US,US,White,5,0,1,1,53,21,79,1562426956,18.11,1,0,,,,63,37,1562426988,15.31,0,1,,85,15,1562427003,23.64,0,1,,16,84,1562427027,11.36,0,1,,3,97,1562427038,10.68,0,1,,87,13,1562427049,5.56,0,1,,23,77,1562427054,8.49,0,1,,4,96,1562427063,9.08,0,1,,74,26,1562427072,11.13,0,1,,43,57,1562427083,15.95,0,1,,20,80,1562427099,6.14,0,1,,1.2,,78.2,1.23,1,1,53,1,1,0,1,15.95,1,0,21.55,21,16,15,1,1,11,5,0.69,1.14,0.64,1.14,,,80,75,baseline,71,9,0,1.78,1,1,53,,1,16,15,"I assume the algorithm has a better ability to predict based on the information given, otherwise there wouldn't be much point in developing it in the first place.","It was really a guess, I had no idea what they would predict.",3,2,4,3,3,4,3,5,3,2,,,,,,0,1,1,53,5,low,0,1.5,0,1,1,53,3,2,4,2,2,4,3,4,2,2,3,3,4,3,4,,,,,,0,1,1,53,,,,,0,1,1,53,,0,1,1
54,ql2qz6yo,,0,34,33,payment_info,PaymentInfo,10.29.121.77,2019-07-06 15:32:31.257358+00:00,1,A3N5ASIN8IU5A5,3MHW492WW0D51204FBU29B97B30MVU,4.61,4.71,h3mbmhfj,,,3WRAAIUSBJZTH6ZGSK0DZLF2SPVXAS,3BG0QG8YO7YBJ48Q0U0RHRBEJCTCSH,,0,1,0.1,54,7,1,US,US,White,6,0,1,1,54,0,0,1562427305,92.49,1,1,,,,63,37,1562427407,17.43,0,1,,85,15,1562427425,42.63,0,1,,84,16,1562427467,30.28,0,1,,97,3,1562427497,10.73,0,1,,87,13,1562427508,15.64,0,1,,77,23,1562427524,26.35,0,1,,96,4,1562427550,11.76,0,1,,74,26,1562427562,29.3,0,1,,57,43,1562427591,13.57,0,1,,80,20,1562427605,10.96,0,1,,0,,69.1,1.27,1,1,54,1,1,0,1,13.57,0,1,18,17,12,16,1,1,7,6,0.64,1.2,0.99,1.2,,,89,70,transp,79,5,1,1.84,1,1,54,,0,12,16,I think machines can be faster than humans,"apparently the human brain thinks faster than the machines, which leaves you surprised",2,4,2,4,4,4,1,4,1,4,,,,,,0,1,1,54,5,high,0,1.5,1.5,1,1,54,1,1,5,3,4,4,4,5,4,1,4,4,4,1,4,,,,,,0,1,1,54,,,,,0,1,1,54,,0,1,1
55,uhnnrn26,,0,34,33,payment_info,PaymentInfo,10.29.111.254,2019-07-06 15:43:42.032636+00:00,1,A8FJXZGG7EOHA,3WJEQKOXA82ODPBHBUK8TW7RSI51A1,2.29,2.39,h3mbmhfj,,,3WRAAIUSBJZTH6ZGSK0DZLF2SPVXAS,3BG0QG8YO7YBJ48Q0U0RHRBEJCTCSH,,0,1,0.1,55,5,1,US,US,White,5,0,1,1,55,79,21,1562428497,50.83,1,0,,,,63,37,1562428585,30.08,0,1,,85,15,1562428615,64.71,0,1,,84,16,1562428680,69.11,0,1,,97,3,1562428749,30.87,0,1,,87,13,1562428780,29.67,0,1,,77,23,1562428810,46.14,0,1,,96,4,1562428856,46.73,0,1,,74,26,1562428903,58.72,0,1,,43,57,1562428961,55.68,0,1,,80,20,1562429017,15.67,0,1,,0.65,,45.2,0.57,1,1,55,1,1,0,1,55.68,1,0,38.11,32,30,40,1,1,5,5,0.34,0.86,0.36,0.86,,,90,90,baseline,59,3,0,1.22,1,1,55,,1,30,40,Be cause this seems to be more accurate than human recruiter. Human recruiter can is prone to making errors,I feel the algorithm will judge based on a neutral ground while the human recruiter will judge based on its own speed and accuracy,4,4,4,4,4,4,2,5,2,3,,,,,,0,1,1,55,1,low,0.5,0.5,0.5,1,1,55,4,4,3,3,4,5,4,4,4,3,4,4,4,4,4,,,,,,0,1,1,55,,,,,0,1,1,55,,0,1,1
56,7tv5nuu5,,0,34,33,payment_info,PaymentInfo,10.63.252.153,2019-07-06 16:06:06.172453+00:00,1,A2N2GFB33ZMYGF,3BWI6RSP7G95EO7VGF33QPOVGJ8E7B,2.62,2.72,h3mbmhfj,,,3WRAAIUSBJZTH6ZGSK0DZLF2SPVXAS,3BG0QG8YO7YBJ48Q0U0RHRBEJCTCSH,,0,1,0.1,56,6,1,US,US,Black,4,0,1,1,56,21,79,1562429654,13.52,1,0,,,,63,37,1562429684,7.97,0,1,,85,15,1562429692,6.93,0,1,,16,84,1562429699,12.47,0,1,,3,97,1562429712,6.94,0,1,,87,13,1562429719,6.32,0,1,,23,77,1562429725,20.82,0,2,,4,96,1562429746,19.62,0,1,,26,74,1562429765,9.33,0,1,,43,57,1562429775,23.25,0,1,,20,80,1562429798,35.48,0,2,,1.27,,75.1,1.11,1,1,56,1,1,0,1,23.25,0,0,21.99,29.099,50,20,1,0,6,4,0,1.13,0.17,1.13,,,60,80,transp,2,9,1,1.13,1,1,56,,0,50,20,I could see how a human would think using the data.,I used the data to predict with the human would predict and tried to use the math for the algorithmic evalutor,4,4,5,2,3,1,1,2,4,1,,,,,,0,1,1,56,2,low,0.38,0.75,0.38,1,1,56,4,2,3,1,1,5,4,4,5,1,2,5,5,1,5,,,,,,0,1,1,56,,,,,0,1,1,56,,0,1,1
57,8yztg4l2,,0,1,33,Demographic,Introduction,10.29.111.254,2019-07-06 16:14:03.627200+00:00,1,AO7Z9XFQ6JS0G,3TY7ZAOG5FKUIDZLR2TX95RDS2T0KC,0,0.1,h3mbmhfj,,,3WRAAIUSBJZTH6ZGSK0DZLF2SPVXAS,3BG0QG8YO7YBJ48Q0U0RHRBEJCTCSH,,0,1,0.1,57,,,,,,,0,1,1,57,,,,,,,,,,,,,,,,,,,,,,,,,,,,,,,,,,,,,,,,,,,,,,,,,,,,,,,,,,,,,,,,,,,,,,,,,,,,,,,,,,,0,1,1,57,,,,,,,,,,,,,,,,,,,,,,,,baseline,,,,0,1,1,57,,,,,,,,,,,,,,,,,,,,,,0,1,1,57,,,,,0,1,1,57,,,,,,,,,,,,,,,,,,,,,0,1,1,57,,,,,0,1,1,57,,0,1,1
58,qw0qjv4m,,0,34,33,payment_info,PaymentInfo,10.164.193.3,2019-07-06 16:16:02.478484+00:00,1,A1IYHQPPOACU83,30IQTZXKAK602DYSQL8MZZZFOBF0X8,3.62,3.72,h3mbmhfj,,,3WRAAIUSBJZTH6ZGSK0DZLF2SPVXAS,3BG0QG8YO7YBJ48Q0U0RHRBEJCTCSH,,0,1,0.1,58,5,1,US,US,White,5,0,1,1,58,79,21,1562429796,15.17,1,0,,,,37,63,1562429830,7.25,0,1,,15,85,1562429838,10.78,0,1,,84,16,1562429848,13.07,0,1,,3,97,1562429861,6.21,0,1,,87,13,1562429868,15.99,0,1,,77,23,1562429884,11.29,0,1,,4,96,1562429895,8.99,0,1,,74,26,1562429904,6.88,0,1,,57,43,1562429911,11.48,0,1,,80,20,1562429922,9.19,0,1,,1.25,,79.9,1.31,1,1,58,1,1,0,1,11.48,1,1,14.68,14,8,9,1,1,5,5,0.55,1.26,0.75,1.26,,,75,75,transp,29,6,1,1.81,1,1,58,,1,8,9,i trust algos,not sure,5,4,4,2,4,4,2,4,2,2,,,,,,0,1,1,58,1,high,0.5,0.5,0.5,1,1,58,4,4,3,2,3,4,4,3,4,2,4,4,5,2,4,,,,,,0,1,1,58,,,,,0,1,1,58,,0,1,1
59,qufatjrl,,0,5,33,matrix_new,training2,10.30.37.143,2019-07-06 16:16:08.024677+00:00,1,A3914P24XPNPY3,3C6FJU71TQT5I40ITO887KUV66CYUE,0,0.1,h3mbmhfj,,,3WRAAIUSBJZTH6ZGSK0DZLF2SPVXAS,3BG0QG8YO7YBJ48Q0U0RHRBEJCTCSH,,0,1,0.1,59,5,0,US,US,White,3,0,1,1,59,0,0,1562429857,99.14,3,1,,,,,,1562429857,,,1,,,,,,,,,,,,,,,,,,,,,,,,,,,,,,,,,,,,,,,,,,,,,,,,,,,,,,,,,,,,,,,,,0,,,0,1,1,59,,,,,,,,,,,,,,,,,,,,,,,,baseline,,,,0,1,1,59,,,,,,,,,,,,,,,,,,,,,,0,1,1,59,,,,,0,1,1,59,,,,,,,,,,,,,,,,,,,,,0,1,1,59,,,,,0,1,1,59,,0,1,1
60,hv1k15kr,,0,34,33,payment_info,PaymentInfo,10.51.224.149,2019-07-06 16:16:38.459002+00:00,1,A1E3MR98PNWZBD,3Q5C1WP23M1R7JZ0GYTRLLR504B152,3.17,3.27,h3mbmhfj,,,3WRAAIUSBJZTH6ZGSK0DZLF2SPVXAS,3BG0QG8YO7YBJ48Q0U0RHRBEJCTCSH,,0,1,0.1,60,8,0,US,US,White,2,0,1,1,60,21,79,1562429860,19.66,1,0,,,,37,63,1562429889,22.55,0,2,,85,15,1562429911,10.7,0,1,,84,16,1562429922,15.02,0,1,,97,3,1562429937,6.11,0,1,,87,13,1562429943,12.63,0,1,,77,23,1562429956,13.98,0,1,,96,4,1562429970,8.01,0,1,,74,26,1562429978,25.63,0,1,,57,43,1562430003,22.04,0,1,,20,80,1562430025,10.81,0,1,,1.17,,75.2,1.13,1,1,60,1,1,0,1,22.04,0,0,24.5,20,30,27,0,1,8,2,0.7,1.09,0.51,1.09,,,25,25,transp,53,4,1,1.79,1,1,60,,0,30,27,"Generally, when I am given a choice between a human and an algorithm I tend to go for the human - that's just a personal preference.","Based on the information I was given about the way the algorithm makes its decisions, I assumed it would assign me a higher value than the human.",3,5,4,2,4,3,3,4,3,3,,,,,,0,1,1,60,3,low,0.25,1,0.25,1,1,60,4,4,2,1,1,5,3,4,4,4,4,2,2,4,2,,,,,,0,1,1,60,,,,,0,1,1,60,,0,1,1
61,gqv1rj4u,,0,1,33,Demographic,Introduction,10.63.251.11,2019-07-06 16:16:40.216331+00:00,1,A27K2WOODB2ICF,33UKMF9319KU15MZJDVZU7GE8QNTTT,0,0.1,h3mbmhfj,,,3WRAAIUSBJZTH6ZGSK0DZLF2SPVXAS,3BG0QG8YO7YBJ48Q0U0RHRBEJCTCSH,,0,1,0.1,61,,,,,,,0,1,1,61,,,,,,,,,,,,,,,,,,,,,,,,,,,,,,,,,,,,,,,,,,,,,,,,,,,,,,,,,,,,,,,,,,,,,,,,,,,,,,,,,,,0,1,1,61,,,,,,,,,,,,,,,,,,,,,,,,baseline,,,,0,1,1,61,,,,,,,,,,,,,,,,,,,,,,0,1,1,61,,,,,0,1,1,61,,,,,,,,,,,,,,,,,,,,,0,1,1,61,,,,,0,1,1,61,,0,1,1
62,etx2choj,,0,34,33,payment_info,PaymentInfo,10.45.133.27,2019-07-06 16:16:46.862970+00:00,1,A1VVR9MA1P9HWJ,3KV0LJBBH2LD8VJN6RPS8EK4QXURMD,3.47,3.57,h3mbmhfj,,,3WRAAIUSBJZTH6ZGSK0DZLF2SPVXAS,3BG0QG8YO7YBJ48Q0U0RHRBEJCTCSH,,0,1,0.1,62,7,0,US,US,White,7,0,1,1,62,21,79,1562429871,32.02,2,0,,,,63,37,1562429918,21.25,0,1,,15,85,1562429940,20.24,0,1,,16,84,1562429960,13.3,0,1,,97,3,1562429973,12.7,0,1,,87,13,1562429986,5.01,0,1,,77,23,1562429991,13.31,0,1,,4,96,1562430004,4.68,0,1,,74,26,1562430009,8.88,0,1,,57,43,1562430018,21.77,0,1,,80,20,1562430039,9.62,0,1,,0.97,,76.9,1.14,1,1,62,1,1,0,1,21.77,0,0,27.16,23.257,24,21,0,1,7,7,0.9,1.05,0.95,1.05,,,80,75,transp,55,9,1,1.95,1,1,62,,0,24,21,The human recruiter can rely on more than just facts to make a decision. They can use intuition as a deciding factor and I liked that.,I knew that the algorithm would give me a higher number because I am female and older.,4,4,4,2,2,3,2,4,2,2,,,,,,0,1,1,62,2,low,0.38,0.75,0.38,1,1,62,4,4,2,2,2,3,4,4,5,3,2,4,4,2,4,,,,,,0,1,1,62,,,,,0,1,1,62,,0,1,1
63,na5scwit,,0,34,33,payment_info,PaymentInfo,10.7.255.157,2019-07-06 16:16:49.016492+00:00,1,AVK1TZJ6OT9HY,3J88R45B2GY3QU2C76NCE00NWJJPXW,3.55,3.65,h3mbmhfj,,,3WRAAIUSBJZTH6ZGSK0DZLF2SPVXAS,3BG0QG8YO7YBJ48Q0U0RHRBEJCTCSH,,0,1,0.1,63,9,0,US,US,White,5,0,1,1,63,79,21,1562429998,19.53,1,0,,,,63,37,1562430056,10.96,0,1,,85,15,1562430067,11.55,0,1,,84,16,1562430079,18.02,0,1,,97,3,1562430097,8.71,0,1,,87,13,1562430105,9.87,0,1,,77,23,1562430115,33,0,3,,96,4,1562430148,9.38,0,1,,74,26,1562430157,15.38,0,1,,57,43,1562430173,17.55,0,1,,80,20,1562430190,12.25,0,1,,1.17,,75.3,1.21,1,1,63,1,1,0,1,17.55,0,1,25,20.47,20,24,0,1,9,5,0.75,1.08,0.88,1.08,,,80,62,baseline,3,1,0,1.96,1,1,63,,0,20,24,"I expected the human recruiter to guess a high average time based on my age, as such I believed i would get more bonus with the human recruiter as my recruitment method,","The algorithmic recruitment method would judge without any bias as to my gender or age, as such the value 20 and as I expect some bias from the human recruiter I assumed a higher value of 24",5,4,3,2,2,4,1,4,2,3,,,,,,0,1,1,63,2,low,0.38,0.75,0.38,1,1,63,4,4,2,1,1,4,5,4,4,2,4,4,5,3,4,,,,,,0,1,1,63,,,,,0,1,1,63,,0,1,1
64,exazhcrt,,0,34,33,payment_info,PaymentInfo,10.30.89.93,2019-07-06 16:16:59.151779+00:00,1,A13OHDWN9XSCIG,33JKGHPFYCUSTXRVDK8BZUFUP05MNK,3.31,3.41,h3mbmhfj,,,3WRAAIUSBJZTH6ZGSK0DZLF2SPVXAS,3BG0QG8YO7YBJ48Q0U0RHRBEJCTCSH,,0,1,0.1,64,7,0,US,US,White,5,0,1,1,64,79,21,1562429889,11.34,1,0,,,,63,37,1562429912,7.67,0,1,,85,15,1562429920,9.21,0,1,,84,16,1562429929,13.07,0,1,,97,3,1562429942,8.4,0,1,,87,13,1562429951,18.95,0,1,,77,23,1562429970,23.97,0,1,,96,4,1562429994,8.3,0,1,,74,26,1562430002,20.46,0,1,,57,43,1562430022,20.44,0,1,,80,20,1562430043,8.06,0,1,,1.31,,76.1,1.16,1,1,64,1,1,0,1,20.44,1,0,25.03,28.58,21,23,0,1,7,5,0.84,1.08,0.69,1.08,,,100,100,transp,65,1,0,1.77,1,1,64,,1,21,23,Because it relies on the numbers and is calculated accurately.  A human can make mistakes or be biased,"I thought the human would asses more time than the computer, which should be really accurate.  I thought my times were pretty average.",5,5,5,1,1,1,1,5,1,3,,,,,,0,1,1,64,2,low,0.38,0.75,0.38,1,1,64,2,3,5,2,2,5,5,5,5,1,4,5,5,1,5,,,,,,0,1,1,64,,,,,0,1,1,64,,0,1,1
65,ne0jlt6n,,0,1,33,Demographic,Introduction,10.37.167.24,2019-07-06 16:18:08.246415+00:00,1,A2HQOSNTDE5UKV,3SLE99ER0NDQRV1HPJTWG1B9NFABZ2,0,0.1,h3mbmhfj,,,3WRAAIUSBJZTH6ZGSK0DZLF2SPVXAS,3BG0QG8YO7YBJ48Q0U0RHRBEJCTCSH,,0,1,0.1,65,,,,,,,0,1,1,65,,,,,,,,,,,,,,,,,,,,,,,,,,,,,,,,,,,,,,,,,,,,,,,,,,,,,,,,,,,,,,,,,,,,,,,,,,,,,,,,,,,0,1,1,65,,,,,,,,,,,,,,,,,,,,,,,,baseline,,,,0,1,1,65,,,,,,,,,,,,,,,,,,,,,,0,1,1,65,,,,,0,1,1,65,,,,,,,,,,,,,,,,,,,,,0,1,1,65,,,,,0,1,1,65,,0,1,1
66,yaun3bow,,0,34,33,payment_info,PaymentInfo,10.164.193.3,2019-07-06 16:18:43.234578+00:00,1,AVICVHNH2ZUEN,3PS7W85Z8Z2BHQDLL7QI37F2EJL9TA,3.61,3.71,h3mbmhfj,,,3WRAAIUSBJZTH6ZGSK0DZLF2SPVXAS,3BG0QG8YO7YBJ48Q0U0RHRBEJCTCSH,,0,1,0.1,66,4,1,PH,US,Asian,5,0,1,1,66,21,79,1562429975,20.49,1,0,,,,63,37,1562430010,7.56,0,1,,15,85,1562430018,12.04,0,1,,84,16,1562430030,10.96,0,1,,97,3,1562430041,5.69,0,1,,87,13,1562430046,26.89,0,1,,77,23,1562430073,16.23,0,1,,96,4,1562430090,17.33,0,1,,74,26,1562430107,22.88,0,1,,43,57,1562430130,9.84,0,1,,80,20,1562430140,8.73,0,1,,1.16,,76.2,1.34,1,1,66,1,1,0,1,9.84,1,1,14.1,92.01,6,6,1,0,4,5,0.34,1.27,0,1.27,,,100,100,transp,40,6,0,1.27,1,1,66,,1,6,6,more reliable than a human,human evaluator might be wrong,5,4,4,4,4,5,1,4,2,2,,,,,,0,1,1,66,3,high,0.25,1,1,1,1,66,3,3,4,4,5,2,3,3,4,3,4,4,5,3,4,,,,,,0,1,1,66,,,,,0,1,1,66,,0,1,1
67,it20h78n,,0,1,33,Demographic,Introduction,10.101.245.49,2019-07-06 16:22:50.711811+00:00,1,AWLFDA1IVR1L0,33CID57104T1JBG0VPNHQ32ZKEP3LK,0,0.1,h3mbmhfj,,,3WRAAIUSBJZTH6ZGSK0DZLF2SPVXAS,3BG0QG8YO7YBJ48Q0U0RHRBEJCTCSH,,0,1,0.1,67,,,,,,,0,1,1,67,,,,,,,,,,,,,,,,,,,,,,,,,,,,,,,,,,,,,,,,,,,,,,,,,,,,,,,,,,,,,,,,,,,,,,,,,,,,,,,,,,,0,1,1,67,,,,,,,,,,,,,,,,,,,,,,,,baseline,,,,0,1,1,67,,,,,,,,,,,,,,,,,,,,,,0,1,1,67,,,,,0,1,1,67,,,,,,,,,,,,,,,,,,,,,0,1,1,67,,,,,0,1,1,67,,0,1,1
68,h67aieaj,,0,34,33,payment_info,PaymentInfo,10.45.210.143,2019-07-06 16:25:17.122260+00:00,1,A2N76OKOZXGW90,39U1BHVTDLRP2OO54YP8CUCGERC3TO,3.25,3.35,h3mbmhfj,,,3WRAAIUSBJZTH6ZGSK0DZLF2SPVXAS,3BG0QG8YO7YBJ48Q0U0RHRBEJCTCSH,,0,1,0.1,68,6,1,US,US,White,2,0,1,1,68,21,79,1562430413,15.4,1,0,,,,63,37,1562430447,36.35,0,2,,85,15,1562430483,11.39,0,1,,16,84,1562430495,20.78,0,1,,3,97,1562430516,8.83,0,1,,87,13,1562430524,24.26,0,1,,77,23,1562430549,20.6,0,1,,4,96,1562430569,12.26,0,1,,26,74,1562430582,18.19,0,1,,43,57,1562430600,15.11,0,1,,80,20,1562430615,7.28,0,1,,1.24,,72.5,1.25,1,1,68,1,1,0,1,15.11,0,1,15.23,15,90,80,1,1,6,2,0,1.25,0,1.25,,,30,40,transp,52,2,1,1.25,1,1,68,,0,90,80,Due to my age and education I figured the human recruiter wouldn't add as much time to my score.,"I took an average, yes my time got better but I figured it would average all rounds.",2,4,4,2,2,4,2,4,3,2,,,,,,0,1,1,68,2,high,0.38,0.75,0.75,1,1,68,4,4,3,1,2,4,4,4,3,2,4,4,4,2,3,,,,,,0,1,1,68,,,,,0,1,1,68,,0,1,1
69,awf1x0en,,0,34,33,payment_info,PaymentInfo,10.164.217.61,2019-07-06 16:26:57.985182+00:00,1,A3PBA2ZHVZFGA3,352YTHGROVDKFBGE4ID28G1YHXD4H0,3.87,3.97,h3mbmhfj,,,3WRAAIUSBJZTH6ZGSK0DZLF2SPVXAS,3BG0QG8YO7YBJ48Q0U0RHRBEJCTCSH,,0,1,0.1,69,5,1,US,US,White,4,0,1,1,69,79,21,1562430511,33.23,2,0,,,,63,37,1562430568,13.28,0,1,,85,15,1562430582,42.73,0,1,,84,16,1562430624,7.04,0,1,,97,3,1562430631,7.46,0,1,,87,13,1562430639,5.94,0,1,,77,23,1562430645,9.83,0,1,,4,96,1562430655,7.58,0,1,,74,26,1562430662,20.34,0,1,,57,43,1562430682,17.54,0,1,,80,20,1562430700,5.87,0,1,,0.95,,76.2,1.21,1,1,69,1,1,0,1,17.54,0,0,17.19,19.2,18,17,1,1,5,4,0.99,1.21,0.95,1.21,,,90,50,baseline,79,6,0,2.16,1,1,69,,0,18,17,Because I'm a human and I feel like I would've chosen something reasonable. I don't know much about the algorithm. Just seemed logical to me.,I figured the algorithmic evaluator would be a bit more erratic than a human so I went up a bit.,3,4,2,2,2,3,2,4,2,1,,,,,,0,1,1,69,1,low,0.5,0.5,0.5,1,1,69,5,4,2,2,2,5,4,5,4,2,4,4,3,4,4,,,,,,0,1,1,69,,,,,0,1,1,69,,0,1,1
70,lf5hcwdy,,0,34,33,payment_info,PaymentInfo,10.109.238.110,2019-07-06 16:27:19.170961+00:00,1,A2LAMCJLVCRQ4T,384PI804XS1S6WCTWB2Z0RIN9WD0S0,2.65,2.75,h3mbmhfj,,,3WRAAIUSBJZTH6ZGSK0DZLF2SPVXAS,3BG0QG8YO7YBJ48Q0U0RHRBEJCTCSH,,0,1,0.1,70,5,0,US,US,White,2,0,1,1,70,79,21,1562430558,50.71,1,0,,,,63,37,1562430632,17.58,0,1,,85,15,1562430650,49.12,0,1,,84,16,1562430699,30.08,0,1,,97,3,1562430729,10.58,0,1,,87,13,1562430739,11.08,0,1,,77,23,1562430750,15.33,0,1,,96,4,1562430766,9.05,0,1,,74,26,1562430775,23.08,0,1,,57,43,1562430798,46.26,0,1,,80,20,1562430844,8.41,0,1,,0.65,,68,0.73,1,1,70,1,1,0,1,46.26,1,1,35.09,18.157,55,50,0,1,5,2,0,0.92,0,0.92,,,25,40,transp,25,9,1,0.92,1,1,70,,1,55,50,It just seemed like a more stable choice.,I thought the algorithmic evaluator would predict I was slower that I'd be compared to the human.,4,4,4,3,4,4,3,4,2,3,,,,,,0,1,1,70,3,high,0.25,1,1,1,1,70,5,5,1,1,1,5,4,5,5,4,3,4,2,5,2,,,,,,0,1,1,70,,,,,0,1,1,70,,0,1,1
71,sgmyatox,,0,34,33,payment_info,PaymentInfo,10.31.241.116,2019-07-06 16:38:52.457965+00:00,1,A2CUBA783W1689,39N5ACM9HENDPYKE4QHYYXE5PG09P5,3.49,3.59,h3mbmhfj,,,3WRAAIUSBJZTH6ZGSK0DZLF2SPVXAS,3BG0QG8YO7YBJ48Q0U0RHRBEJCTCSH,,0,1,0.1,71,7,1,US,US,White,4,0,1,1,71,0,0,1562431224,90.5,1,1,,,,63,37,1562431344,25.62,0,1,,15,85,1562431370,39.56,0,1,,16,84,1562431409,17.96,0,1,,97,3,1562431427,9.08,0,1,,87,13,1562431436,16.62,0,1,,77,23,1562431453,27.33,0,1,,4,96,1562431480,28.51,0,1,,26,74,1562431509,19.34,0,1,,43,57,1562431528,23.28,0,1,,80,20,1562431551,18.07,0,1,,0,,67.4,1.11,1,1,71,1,1,0,1,23.28,1,1,21.73,29.099,24,24,1,1,7,4,0.95,1.14,0.74,1.14,,,50,50,baseline,2,9,0,1.88,1,1,71,,1,24,24,"I believed that the algorithmic recruiter would be less emotional, less prejudiced and more rational.","I decided that the most accurate prediction would be very close to my actual performance, therefore there was no difference.",5,3,5,3,2,3,2,5,2,3,,,,,,0,1,1,71,1,high,0.5,0.5,0.5,1,1,71,2,2,3,3,4,3,4,4,4,2,3,4,4,2,4,,,,,,0,1,1,71,,,,,0,1,1,71,,0,1,1
72,ai8pgosm,,0,0,33,,,,,0,,,0,0.1,h3mbmhfj,,,3WRAAIUSBJZTH6ZGSK0DZLF2SPVXAS,3BG0QG8YO7YBJ48Q0U0RHRBEJCTCSH,,0,1,0.1,72,,,,,,,0,1,1,72,,,,,,,,,,,,,,,,,,,,,,,,,,,,,,,,,,,,,,,,,,,,,,,,,,,,,,,,,,,,,,,,,,,,,,,,,,,,,,,,,,,0,1,1,72,,,,,,,,,,,,,,,,,,,,,,,,transp,,,,0,1,1,72,,,,,,,,,,,,,,,,,,,,,,0,1,1,72,,,,,0,1,1,72,,,,,,,,,,,,,,,,,,,,,0,1,1,72,,,,,0,1,1,72,,0,1,1
73,6ec97qz2,,0,0,33,,,,,0,,,0,0.1,h3mbmhfj,,,3WRAAIUSBJZTH6ZGSK0DZLF2SPVXAS,3BG0QG8YO7YBJ48Q0U0RHRBEJCTCSH,,0,1,0.1,73,,,,,,,0,1,1,73,,,,,,,,,,,,,,,,,,,,,,,,,,,,,,,,,,,,,,,,,,,,,,,,,,,,,,,,,,,,,,,,,,,,,,,,,,,,,,,,,,,0,1,1,73,,,,,,,,,,,,,,,,,,,,,,,,baseline,,,,0,1,1,73,,,,,,,,,,,,,,,,,,,,,,0,1,1,73,,,,,0,1,1,73,,,,,,,,,,,,,,,,,,,,,0,1,1,73,,,,,0,1,1,73,,0,1,1
74,jztzvofk,,0,0,33,,,,,0,,,0,0.1,h3mbmhfj,,,3WRAAIUSBJZTH6ZGSK0DZLF2SPVXAS,3BG0QG8YO7YBJ48Q0U0RHRBEJCTCSH,,0,1,0.1,74,,,,,,,0,1,1,74,,,,,,,,,,,,,,,,,,,,,,,,,,,,,,,,,,,,,,,,,,,,,,,,,,,,,,,,,,,,,,,,,,,,,,,,,,,,,,,,,,,0,1,1,74,,,,,,,,,,,,,,,,,,,,,,,,transp,,,,0,1,1,74,,,,,,,,,,,,,,,,,,,,,,0,1,1,74,,,,,0,1,1,74,,,,,,,,,,,,,,,,,,,,,0,1,1,74,,,,,0,1,1,74,,0,1,1
75,tabosk53,,0,0,33,,,,,0,,,0,0.1,h3mbmhfj,,,3WRAAIUSBJZTH6ZGSK0DZLF2SPVXAS,3BG0QG8YO7YBJ48Q0U0RHRBEJCTCSH,,0,1,0.1,75,,,,,,,0,1,1,75,,,,,,,,,,,,,,,,,,,,,,,,,,,,,,,,,,,,,,,,,,,,,,,,,,,,,,,,,,,,,,,,,,,,,,,,,,,,,,,,,,,0,1,1,75,,,,,,,,,,,,,,,,,,,,,,,,baseline,,,,0,1,1,75,,,,,,,,,,,,,,,,,,,,,,0,1,1,75,,,,,0,1,1,75,,,,,,,,,,,,,,,,,,,,,0,1,1,75,,,,,0,1,1,75,,0,1,1
76,6qerskfr,,0,0,33,,,,,0,,,0,0.1,h3mbmhfj,,,3WRAAIUSBJZTH6ZGSK0DZLF2SPVXAS,3BG0QG8YO7YBJ48Q0U0RHRBEJCTCSH,,0,1,0.1,76,,,,,,,0,1,1,76,,,,,,,,,,,,,,,,,,,,,,,,,,,,,,,,,,,,,,,,,,,,,,,,,,,,,,,,,,,,,,,,,,,,,,,,,,,,,,,,,,,0,1,1,76,,,,,,,,,,,,,,,,,,,,,,,,transp,,,,0,1,1,76,,,,,,,,,,,,,,,,,,,,,,0,1,1,76,,,,,0,1,1,76,,,,,,,,,,,,,,,,,,,,,0,1,1,76,,,,,0,1,1,76,,0,1,1
77,34kevo3y,,0,0,33,,,,,0,,,0,0.1,h3mbmhfj,,,3WRAAIUSBJZTH6ZGSK0DZLF2SPVXAS,3BG0QG8YO7YBJ48Q0U0RHRBEJCTCSH,,0,1,0.1,77,,,,,,,0,1,1,77,,,,,,,,,,,,,,,,,,,,,,,,,,,,,,,,,,,,,,,,,,,,,,,,,,,,,,,,,,,,,,,,,,,,,,,,,,,,,,,,,,,0,1,1,77,,,,,,,,,,,,,,,,,,,,,,,,baseline,,,,0,1,1,77,,,,,,,,,,,,,,,,,,,,,,0,1,1,77,,,,,0,1,1,77,,,,,,,,,,,,,,,,,,,,,0,1,1,77,,,,,0,1,1,77,,0,1,1
78,9d8syxdw,,0,0,33,,,,,0,,,0,0.1,h3mbmhfj,,,3WRAAIUSBJZTH6ZGSK0DZLF2SPVXAS,3BG0QG8YO7YBJ48Q0U0RHRBEJCTCSH,,0,1,0.1,78,,,,,,,0,1,1,78,,,,,,,,,,,,,,,,,,,,,,,,,,,,,,,,,,,,,,,,,,,,,,,,,,,,,,,,,,,,,,,,,,,,,,,,,,,,,,,,,,,0,1,1,78,,,,,,,,,,,,,,,,,,,,,,,,transp,,,,0,1,1,78,,,,,,,,,,,,,,,,,,,,,,0,1,1,78,,,,,0,1,1,78,,,,,,,,,,,,,,,,,,,,,0,1,1,78,,,,,0,1,1,78,,0,1,1
79,wa15ah00,,0,0,33,,,,,0,,,0,0.1,h3mbmhfj,,,3WRAAIUSBJZTH6ZGSK0DZLF2SPVXAS,3BG0QG8YO7YBJ48Q0U0RHRBEJCTCSH,,0,1,0.1,79,,,,,,,0,1,1,79,,,,,,,,,,,,,,,,,,,,,,,,,,,,,,,,,,,,,,,,,,,,,,,,,,,,,,,,,,,,,,,,,,,,,,,,,,,,,,,,,,,0,1,1,79,,,,,,,,,,,,,,,,,,,,,,,,baseline,,,,0,1,1,79,,,,,,,,,,,,,,,,,,,,,,0,1,1,79,,,,,0,1,1,79,,,,,,,,,,,,,,,,,,,,,0,1,1,79,,,,,0,1,1,79,,0,1,1
80,8uxivdzm,,0,0,33,,,,,0,,,0,0.1,h3mbmhfj,,,3WRAAIUSBJZTH6ZGSK0DZLF2SPVXAS,3BG0QG8YO7YBJ48Q0U0RHRBEJCTCSH,,0,1,0.1,80,,,,,,,0,1,1,80,,,,,,,,,,,,,,,,,,,,,,,,,,,,,,,,,,,,,,,,,,,,,,,,,,,,,,,,,,,,,,,,,,,,,,,,,,,,,,,,,,,0,1,1,80,,,,,,,,,,,,,,,,,,,,,,,,transp,,,,0,1,1,80,,,,,,,,,,,,,,,,,,,,,,0,1,1,80,,,,,0,1,1,80,,,,,,,,,,,,,,,,,,,,,0,1,1,80,,,,,0,1,1,80,,0,1,1
81,yggrw1c3,,0,0,33,,,,,0,,,0,0.1,h3mbmhfj,,,3WRAAIUSBJZTH6ZGSK0DZLF2SPVXAS,3BG0QG8YO7YBJ48Q0U0RHRBEJCTCSH,,0,1,0.1,81,,,,,,,0,1,1,81,,,,,,,,,,,,,,,,,,,,,,,,,,,,,,,,,,,,,,,,,,,,,,,,,,,,,,,,,,,,,,,,,,,,,,,,,,,,,,,,,,,0,1,1,81,,,,,,,,,,,,,,,,,,,,,,,,baseline,,,,0,1,1,81,,,,,,,,,,,,,,,,,,,,,,0,1,1,81,,,,,0,1,1,81,,,,,,,,,,,,,,,,,,,,,0,1,1,81,,,,,0,1,1,81,,0,1,1
82,5dj9qlq0,,0,0,33,,,,,0,,,0,0.1,h3mbmhfj,,,3WRAAIUSBJZTH6ZGSK0DZLF2SPVXAS,3BG0QG8YO7YBJ48Q0U0RHRBEJCTCSH,,0,1,0.1,82,,,,,,,0,1,1,82,,,,,,,,,,,,,,,,,,,,,,,,,,,,,,,,,,,,,,,,,,,,,,,,,,,,,,,,,,,,,,,,,,,,,,,,,,,,,,,,,,,0,1,1,82,,,,,,,,,,,,,,,,,,,,,,,,transp,,,,0,1,1,82,,,,,,,,,,,,,,,,,,,,,,0,1,1,82,,,,,0,1,1,82,,,,,,,,,,,,,,,,,,,,,0,1,1,82,,,,,0,1,1,82,,0,1,1
83,rh9n0gjz,,0,0,33,,,,,0,,,0,0.1,h3mbmhfj,,,3WRAAIUSBJZTH6ZGSK0DZLF2SPVXAS,3BG0QG8YO7YBJ48Q0U0RHRBEJCTCSH,,0,1,0.1,83,,,,,,,0,1,1,83,,,,,,,,,,,,,,,,,,,,,,,,,,,,,,,,,,,,,,,,,,,,,,,,,,,,,,,,,,,,,,,,,,,,,,,,,,,,,,,,,,,0,1,1,83,,,,,,,,,,,,,,,,,,,,,,,,baseline,,,,0,1,1,83,,,,,,,,,,,,,,,,,,,,,,0,1,1,83,,,,,0,1,1,83,,,,,,,,,,,,,,,,,,,,,0,1,1,83,,,,,0,1,1,83,,0,1,1
84,8nkfpb5s,,0,0,33,,,,,0,,,0,0.1,h3mbmhfj,,,3WRAAIUSBJZTH6ZGSK0DZLF2SPVXAS,3BG0QG8YO7YBJ48Q0U0RHRBEJCTCSH,,0,1,0.1,84,,,,,,,0,1,1,84,,,,,,,,,,,,,,,,,,,,,,,,,,,,,,,,,,,,,,,,,,,,,,,,,,,,,,,,,,,,,,,,,,,,,,,,,,,,,,,,,,,0,1,1,84,,,,,,,,,,,,,,,,,,,,,,,,transp,,,,0,1,1,84,,,,,,,,,,,,,,,,,,,,,,0,1,1,84,,,,,0,1,1,84,,,,,,,,,,,,,,,,,,,,,0,1,1,84,,,,,0,1,1,84,,0,1,1
85,62bhh5gq,,0,0,33,,,,,0,,,0,0.1,h3mbmhfj,,,3WRAAIUSBJZTH6ZGSK0DZLF2SPVXAS,3BG0QG8YO7YBJ48Q0U0RHRBEJCTCSH,,0,1,0.1,85,,,,,,,0,1,1,85,,,,,,,,,,,,,,,,,,,,,,,,,,,,,,,,,,,,,,,,,,,,,,,,,,,,,,,,,,,,,,,,,,,,,,,,,,,,,,,,,,,0,1,1,85,,,,,,,,,,,,,,,,,,,,,,,,baseline,,,,0,1,1,85,,,,,,,,,,,,,,,,,,,,,,0,1,1,85,,,,,0,1,1,85,,,,,,,,,,,,,,,,,,,,,0,1,1,85,,,,,0,1,1,85,,0,1,1
86,n6t5of81,,0,0,33,,,,,0,,,0,0.1,h3mbmhfj,,,3WRAAIUSBJZTH6ZGSK0DZLF2SPVXAS,3BG0QG8YO7YBJ48Q0U0RHRBEJCTCSH,,0,1,0.1,86,,,,,,,0,1,1,86,,,,,,,,,,,,,,,,,,,,,,,,,,,,,,,,,,,,,,,,,,,,,,,,,,,,,,,,,,,,,,,,,,,,,,,,,,,,,,,,,,,0,1,1,86,,,,,,,,,,,,,,,,,,,,,,,,transp,,,,0,1,1,86,,,,,,,,,,,,,,,,,,,,,,0,1,1,86,,,,,0,1,1,86,,,,,,,,,,,,,,,,,,,,,0,1,1,86,,,,,0,1,1,86,,0,1,1
87,vv19wr5d,,0,0,33,,,,,0,,,0,0.1,h3mbmhfj,,,3WRAAIUSBJZTH6ZGSK0DZLF2SPVXAS,3BG0QG8YO7YBJ48Q0U0RHRBEJCTCSH,,0,1,0.1,87,,,,,,,0,1,1,87,,,,,,,,,,,,,,,,,,,,,,,,,,,,,,,,,,,,,,,,,,,,,,,,,,,,,,,,,,,,,,,,,,,,,,,,,,,,,,,,,,,0,1,1,87,,,,,,,,,,,,,,,,,,,,,,,,baseline,,,,0,1,1,87,,,,,,,,,,,,,,,,,,,,,,0,1,1,87,,,,,0,1,1,87,,,,,,,,,,,,,,,,,,,,,0,1,1,87,,,,,0,1,1,87,,0,1,1
88,4g8xiu2i,,0,0,33,,,,,0,,,0,0.1,h3mbmhfj,,,3WRAAIUSBJZTH6ZGSK0DZLF2SPVXAS,3BG0QG8YO7YBJ48Q0U0RHRBEJCTCSH,,0,1,0.1,88,,,,,,,0,1,1,88,,,,,,,,,,,,,,,,,,,,,,,,,,,,,,,,,,,,,,,,,,,,,,,,,,,,,,,,,,,,,,,,,,,,,,,,,,,,,,,,,,,0,1,1,88,,,,,,,,,,,,,,,,,,,,,,,,transp,,,,0,1,1,88,,,,,,,,,,,,,,,,,,,,,,0,1,1,88,,,,,0,1,1,88,,,,,,,,,,,,,,,,,,,,,0,1,1,88,,,,,0,1,1,88,,0,1,1
89,s4h6q96p,,0,0,33,,,,,0,,,0,0.1,h3mbmhfj,,,3WRAAIUSBJZTH6ZGSK0DZLF2SPVXAS,3BG0QG8YO7YBJ48Q0U0RHRBEJCTCSH,,0,1,0.1,89,,,,,,,0,1,1,89,,,,,,,,,,,,,,,,,,,,,,,,,,,,,,,,,,,,,,,,,,,,,,,,,,,,,,,,,,,,,,,,,,,,,,,,,,,,,,,,,,,0,1,1,89,,,,,,,,,,,,,,,,,,,,,,,,baseline,,,,0,1,1,89,,,,,,,,,,,,,,,,,,,,,,0,1,1,89,,,,,0,1,1,89,,,,,,,,,,,,,,,,,,,,,0,1,1,89,,,,,0,1,1,89,,0,1,1
90,76py0e7d,,0,0,33,,,,,0,,,0,0.1,h3mbmhfj,,,3WRAAIUSBJZTH6ZGSK0DZLF2SPVXAS,3BG0QG8YO7YBJ48Q0U0RHRBEJCTCSH,,0,1,0.1,90,,,,,,,0,1,1,90,,,,,,,,,,,,,,,,,,,,,,,,,,,,,,,,,,,,,,,,,,,,,,,,,,,,,,,,,,,,,,,,,,,,,,,,,,,,,,,,,,,0,1,1,90,,,,,,,,,,,,,,,,,,,,,,,,transp,,,,0,1,1,90,,,,,,,,,,,,,,,,,,,,,,0,1,1,90,,,,,0,1,1,90,,,,,,,,,,,,,,,,,,,,,0,1,1,90,,,,,0,1,1,90,,0,1,1
91,k924rcag,,0,0,33,,,,,0,,,0,0.1,h3mbmhfj,,,3WRAAIUSBJZTH6ZGSK0DZLF2SPVXAS,3BG0QG8YO7YBJ48Q0U0RHRBEJCTCSH,,0,1,0.1,91,,,,,,,0,1,1,91,,,,,,,,,,,,,,,,,,,,,,,,,,,,,,,,,,,,,,,,,,,,,,,,,,,,,,,,,,,,,,,,,,,,,,,,,,,,,,,,,,,0,1,1,91,,,,,,,,,,,,,,,,,,,,,,,,baseline,,,,0,1,1,91,,,,,,,,,,,,,,,,,,,,,,0,1,1,91,,,,,0,1,1,91,,,,,,,,,,,,,,,,,,,,,0,1,1,91,,,,,0,1,1,91,,0,1,1
92,f8mkwcnd,,0,0,33,,,,,0,,,0,0.1,h3mbmhfj,,,3WRAAIUSBJZTH6ZGSK0DZLF2SPVXAS,3BG0QG8YO7YBJ48Q0U0RHRBEJCTCSH,,0,1,0.1,92,,,,,,,0,1,1,92,,,,,,,,,,,,,,,,,,,,,,,,,,,,,,,,,,,,,,,,,,,,,,,,,,,,,,,,,,,,,,,,,,,,,,,,,,,,,,,,,,,0,1,1,92,,,,,,,,,,,,,,,,,,,,,,,,transp,,,,0,1,1,92,,,,,,,,,,,,,,,,,,,,,,0,1,1,92,,,,,0,1,1,92,,,,,,,,,,,,,,,,,,,,,0,1,1,92,,,,,0,1,1,92,,0,1,1
93,43hqf85k,,0,0,33,,,,,0,,,0,0.1,h3mbmhfj,,,3WRAAIUSBJZTH6ZGSK0DZLF2SPVXAS,3BG0QG8YO7YBJ48Q0U0RHRBEJCTCSH,,0,1,0.1,93,,,,,,,0,1,1,93,,,,,,,,,,,,,,,,,,,,,,,,,,,,,,,,,,,,,,,,,,,,,,,,,,,,,,,,,,,,,,,,,,,,,,,,,,,,,,,,,,,0,1,1,93,,,,,,,,,,,,,,,,,,,,,,,,baseline,,,,0,1,1,93,,,,,,,,,,,,,,,,,,,,,,0,1,1,93,,,,,0,1,1,93,,,,,,,,,,,,,,,,,,,,,0,1,1,93,,,,,0,1,1,93,,0,1,1
94,bl3ilmom,,0,0,33,,,,,0,,,0,0.1,h3mbmhfj,,,3WRAAIUSBJZTH6ZGSK0DZLF2SPVXAS,3BG0QG8YO7YBJ48Q0U0RHRBEJCTCSH,,0,1,0.1,94,,,,,,,0,1,1,94,,,,,,,,,,,,,,,,,,,,,,,,,,,,,,,,,,,,,,,,,,,,,,,,,,,,,,,,,,,,,,,,,,,,,,,,,,,,,,,,,,,0,1,1,94,,,,,,,,,,,,,,,,,,,,,,,,transp,,,,0,1,1,94,,,,,,,,,,,,,,,,,,,,,,0,1,1,94,,,,,0,1,1,94,,,,,,,,,,,,,,,,,,,,,0,1,1,94,,,,,0,1,1,94,,0,1,1
95,qshlj8r8,,0,0,33,,,,,0,,,0,0.1,h3mbmhfj,,,3WRAAIUSBJZTH6ZGSK0DZLF2SPVXAS,3BG0QG8YO7YBJ48Q0U0RHRBEJCTCSH,,0,1,0.1,95,,,,,,,0,1,1,95,,,,,,,,,,,,,,,,,,,,,,,,,,,,,,,,,,,,,,,,,,,,,,,,,,,,,,,,,,,,,,,,,,,,,,,,,,,,,,,,,,,0,1,1,95,,,,,,,,,,,,,,,,,,,,,,,,baseline,,,,0,1,1,95,,,,,,,,,,,,,,,,,,,,,,0,1,1,95,,,,,0,1,1,95,,,,,,,,,,,,,,,,,,,,,0,1,1,95,,,,,0,1,1,95,,0,1,1
96,bn4n7xr3,,0,0,33,,,,,0,,,0,0.1,h3mbmhfj,,,3WRAAIUSBJZTH6ZGSK0DZLF2SPVXAS,3BG0QG8YO7YBJ48Q0U0RHRBEJCTCSH,,0,1,0.1,96,,,,,,,0,1,1,96,,,,,,,,,,,,,,,,,,,,,,,,,,,,,,,,,,,,,,,,,,,,,,,,,,,,,,,,,,,,,,,,,,,,,,,,,,,,,,,,,,,0,1,1,96,,,,,,,,,,,,,,,,,,,,,,,,transp,,,,0,1,1,96,,,,,,,,,,,,,,,,,,,,,,0,1,1,96,,,,,0,1,1,96,,,,,,,,,,,,,,,,,,,,,0,1,1,96,,,,,0,1,1,96,,0,1,1
97,aldjr72t,,0,0,33,,,,,0,,,0,0.1,h3mbmhfj,,,3WRAAIUSBJZTH6ZGSK0DZLF2SPVXAS,3BG0QG8YO7YBJ48Q0U0RHRBEJCTCSH,,0,1,0.1,97,,,,,,,0,1,1,97,,,,,,,,,,,,,,,,,,,,,,,,,,,,,,,,,,,,,,,,,,,,,,,,,,,,,,,,,,,,,,,,,,,,,,,,,,,,,,,,,,,0,1,1,97,,,,,,,,,,,,,,,,,,,,,,,,baseline,,,,0,1,1,97,,,,,,,,,,,,,,,,,,,,,,0,1,1,97,,,,,0,1,1,97,,,,,,,,,,,,,,,,,,,,,0,1,1,97,,,,,0,1,1,97,,0,1,1
98,oodt0q8z,,0,0,33,,,,,0,,,0,0.1,h3mbmhfj,,,3WRAAIUSBJZTH6ZGSK0DZLF2SPVXAS,3BG0QG8YO7YBJ48Q0U0RHRBEJCTCSH,,0,1,0.1,98,,,,,,,0,1,1,98,,,,,,,,,,,,,,,,,,,,,,,,,,,,,,,,,,,,,,,,,,,,,,,,,,,,,,,,,,,,,,,,,,,,,,,,,,,,,,,,,,,0,1,1,98,,,,,,,,,,,,,,,,,,,,,,,,transp,,,,0,1,1,98,,,,,,,,,,,,,,,,,,,,,,0,1,1,98,,,,,0,1,1,98,,,,,,,,,,,,,,,,,,,,,0,1,1,98,,,,,0,1,1,98,,0,1,1
99,4l5mtlou,,0,0,33,,,,,0,,,0,0.1,h3mbmhfj,,,3WRAAIUSBJZTH6ZGSK0DZLF2SPVXAS,3BG0QG8YO7YBJ48Q0U0RHRBEJCTCSH,,0,1,0.1,99,,,,,,,0,1,1,99,,,,,,,,,,,,,,,,,,,,,,,,,,,,,,,,,,,,,,,,,,,,,,,,,,,,,,,,,,,,,,,,,,,,,,,,,,,,,,,,,,,0,1,1,99,,,,,,,,,,,,,,,,,,,,,,,,baseline,,,,0,1,1,99,,,,,,,,,,,,,,,,,,,,,,0,1,1,99,,,,,0,1,1,99,,,,,,,,,,,,,,,,,,,,,0,1,1,99,,,,,0,1,1,99,,0,1,1
100,d9t8rxtl,,0,0,33,,,,,0,,,0,0.1,h3mbmhfj,,,3WRAAIUSBJZTH6ZGSK0DZLF2SPVXAS,3BG0QG8YO7YBJ48Q0U0RHRBEJCTCSH,,0,1,0.1,100,,,,,,,0,1,1,100,,,,,,,,,,,,,,,,,,,,,,,,,,,,,,,,,,,,,,,,,,,,,,,,,,,,,,,,,,,,,,,,,,,,,,,,,,,,,,,,,,,0,1,1,100,,,,,,,,,,,,,,,,,,,,,,,,transp,,,,0,1,1,100,,,,,,,,,,,,,,,,,,,,,,0,1,1,100,,,,,0,1,1,100,,,,,,,,,,,,,,,,,,,,,0,1,1,100,,,,,0,1,1,100,,0,1,1
